1,Jonathan Taylor*+,IND,22,rb,17,17,51,40,360,9,2,12,76,2.4,21.2,78.40%,7.1,332,1811,18,107,83,5.5,106.5,19.5,372,5.8,2171,20,4
2,Cooper Kupp*+,LAR,28,wr,17,17,191,145,1947,13.4,16,89,59,8.5,114.5,75.90%,10.2,4,18,0,1,18,4.5,1.1,0.2,149,13.2,1965,16,0
3,Deebo Samuel*+,SFO,25,wr,16,15,121,77,1405,18.2,6,51,83,4.8,87.8,63.60%,11.6,59,365,8,21,49,6.2,22.8,3.7,136,13,1770,14,4
4,Najee Harris*,PIT,23,rb,17,17,94,74,467,6.3,3,22,25,4.4,27.5,78.70%,5,307,1200,7,62,37,3.9,70.6,18.1,381,4.4,1667,10,0
5,Justin Jefferson*,MIN,22,wr,17,17,167,108,1616,15,10,75,56,6.4,95.1,64.70%,9.7,6,14,0,1,11,2.3,0.8,0.4,114,14.3,1630,10,1
6,Austin Ekeler,LAC,26,rb,16,16,94,70,647,9.2,8,31,40,4.4,40.4,74.50%,6.9,206,911,12,53,28,4.4,56.9,12.9,276,5.6,1558,20,4
7,Davante Adams*+,GNB,29,wr,16,16,169,123,1553,12.6,11,84,59,7.7,97.1,72.80%,9.2,0,0,0,0,0,0,0,0,123,12.6,1553,11,0
8,Joe Mixon*,CIN,25,rb,16,16,48,42,314,7.5,3,11,52,2.6,19.6,87.50%,6.5,292,1205,13,60,32,4.1,75.3,18.3,334,4.5,1519,16,2
9,Ja'Marr Chase*,CIN,21,wr,17,17,128,81,1455,18,13,56,82,4.8,85.6,63.30%,11.4,7,21,0,2,10,3,1.2,0.4,88,16.8,1476,13,2
10,Nick Chubb*,CLE,26,rb,14,14,25,20,174,8.7,1,9,40,1.4,12.4,80.00%,7,228,1259,8,61,70,5.5,89.9,16.3,248,5.8,1433,9,2
11,Dalvin Cook*,MIN,26,rb,13,13,49,34,224,6.6,0,9,24,2.6,17.2,69.40%,4.6,249,1159,6,57,66,4.7,89.2,19.2,283,4.9,1383,6,3
12,Mark Andrews*+,BAL,26,te,17,9,153,107,1361,12.7,9,75,43,6.3,80.1,69.90%,8.9,1,0,0,0,0,0,0,0.1,108,12.6,1361,9,1
13,Alvin Kamara*,NOR,26,rb,13,10,67,47,439,9.3,5,20,31,3.6,33.8,70.10%,6.6,240,898,4,42,30,3.7,69.1,18.5,287,4.7,1337,9,0
14,Tyreek Hill*,KAN,27,wr,17,16,159,111,1239,11.2,9,75,75,6.5,72.9,69.80%,7.8,9,96,0,4,33,10.7,5.6,0.5,120,11.1,1335,9,2
15,Antonio Gibson,WAS,23,rb,16,14,52,42,294,7,3,12,73,2.6,18.4,80.80%,5.7,258,1037,7,65,27,4,64.8,16.1,300,4.4,1331,10,6
16,Ezekiel Elliott,DAL,26,rb,17,17,65,47,287,6.1,2,17,21,2.8,16.9,72.30%,4.4,237,1002,10,55,47,4.2,58.9,13.9,284,4.5,1289,12,1
17,Leonard Fournette,TAM,26,rb,14,13,84,69,454,6.6,2,30,23,4.9,32.4,82.10%,5.4,180,812,8,45,47,4.5,58,12.9,249,5.1,1266,10,1
18,Stefon Diggs*,BUF,28,wr,17,17,164,103,1225,11.9,10,66,61,6.1,72.1,62.80%,7.5,0,0,0,0,0,0,0,0,103,11.9,1225,10,1
19,Josh Jacobs,LVR,23,rb,15,14,64,54,348,6.4,0,14,29,3.6,23.2,84.40%,5.4,217,872,9,45,28,4,58.1,14.5,271,4.5,1220,9,2
20,Javonte Williams,DEN,21,rb,17,1,53,43,316,7.3,3,12,42,2.5,18.6,81.10%,6,203,903,4,52,49,4.4,53.1,11.9,246,5,1219,7,2
21,Diontae Johnson*,PIT,25,wr,16,14,169,107,1161,10.9,8,59,50,6.7,72.6,63.30%,6.9,5,53,0,2,25,10.6,3.3,0.3,112,10.8,1214,8,2
22,D.J. Moore,CAR,24,wr,17,17,163,93,1157,12.4,4,60,64,5.5,68.1,57.10%,7.1,8,48,0,4,14,6,2.8,0.5,101,11.9,1205,4,1
23,Aaron Jones,GNB,27,rb,15,15,65,52,391,7.5,6,22,26,3.5,26.1,80.00%,6,171,799,4,37,57,4.7,53.3,11.4,223,5.3,1190,10,2
24,Tyler Lockett,SEA,29,wr,16,16,107,73,1175,16.1,8,41,69,4.6,73.4,68.20%,11,2,9,0,0,7,4.5,0.6,0.1,75,15.8,1184,8,0
25,CeeDee Lamb*,DAL,22,wr,16,13,120,79,1102,13.9,6,54,49,4.9,68.9,65.80%,9.2,9,76,0,4,33,8.4,4.8,0.6,88,13.4,1178,6,0
26,Cordarrelle Patterson,ATL,30,rb,16,13,69,52,548,10.5,5,26,64,3.3,34.3,75.40%,7.9,153,618,6,29,39,4,38.6,9.6,205,5.7,1166,11,2
27,David Montgomery,CHI,24,rb,13,13,51,42,301,7.2,0,18,16,3.2,23.2,82.40%,5.9,225,849,7,55,41,3.8,65.3,17.3,267,4.3,1150,7,1
28,Mike Williams,LAC,27,wr,16,14,129,76,1146,15.1,9,51,72,4.8,71.6,58.90%,8.9,0,0,0,0,0,0,0,0,76,15.1,1146,9,0
29,Keenan Allen*,LAC,29,wr,16,16,157,106,1138,10.7,6,66,42,6.6,71.1,67.50%,7.2,0,0,0,0,0,0,0,0,106,10.7,1138,6,1
30,Melvin Gordon,DEN,28,rb,16,16,38,28,213,7.6,2,9,30,1.8,13.3,73.70%,5.6,203,918,8,48,70,4.5,57.4,12.7,231,4.9,1131,10,3
31,Travis Kelce*,KAN,32,te,16,16,134,92,1125,12.2,9,63,69,5.8,70.3,68.70%,8.4,2,3,1,1,4,1.5,0.2,0.1,94,12,1128,10,1
32,James Conner*,ARI,26,rb,15,6,39,37,375,10.1,3,18,45,2.5,25,94.90%,9.6,202,752,15,53,35,3.7,50.1,13.5,239,4.7,1127,18,2
33,Michael Pittman Jr.,IND,24,wr,17,17,129,88,1082,12.3,6,54,57,5.2,63.6,68.20%,8.4,5,44,0,1,25,8.8,2.6,0.3,93,12.1,1126,6,1
34,Chris Godwin,TAM,25,wr,14,14,127,98,1103,11.3,5,55,44,7,78.8,77.20%,8.7,4,21,1,4,9,5.3,1.5,0.3,102,11,1124,6,2
35,AJ Dillon,GNB,23,rb,17,2,37,34,313,9.2,2,15,50,2,18.4,91.90%,8.5,187,803,5,50,36,4.3,47.2,11,221,5,1116,7,2
36,Elijah Mitchell,SFO,23,rb,11,10,20,19,137,7.2,1,6,14,1.7,12.5,95.00%,6.9,207,963,5,47,39,4.7,87.5,18.8,226,4.9,1100,6,0
37,Devin Singletary,BUF,24,rb,17,16,50,40,228,5.7,1,11,19,2.4,13.4,80.00%,4.6,188,870,7,44,46,4.6,51.2,11.1,228,4.8,1098,8,5
38,Derrick Henry,TEN,27,rb,8,8,20,18,154,8.6,0,7,16,2.3,19.3,90.00%,7.7,219,937,10,49,76,4.3,117.1,27.4,237,4.6,1091,10,1
39,Tee Higgins,CIN,22,wr,14,14,110,74,1091,14.7,6,53,54,5.3,77.9,67.30%,9.9,0,0,0,0,0,0,0,0,74,14.7,1091,6,1
40,Darnell Mooney,CHI,24,wr,17,14,140,81,1055,13,4,49,64,4.8,62.1,57.90%,7.5,6,32,1,2,15,5.3,1.9,0.4,87,12.5,1087,5,0
41,D'Andre Swift,DET,22,rb,13,4,78,62,452,7.3,2,18,63,4.8,34.8,79.50%,5.8,151,617,5,28,57,4.1,47.5,11.6,213,5,1069,7,2
42,Terry McLaurin,WAS,26,wr,17,17,130,77,1053,13.7,5,47,46,4.5,61.9,59.20%,8.1,1,12,0,1,12,12,0.7,0.1,78,13.7,1065,5,0
43,Damien Harris,NWE,24,rb,15,15,21,18,132,7.3,0,4,21,1.2,8.8,85.70%,6.3,202,929,15,55,64,4.6,61.9,13.5,220,4.8,1061,15,2
44,Brandin Cooks,HOU,28,wr,16,16,134,90,1037,11.5,6,45,52,5.6,64.8,67.20%,7.7,2,21,0,1,16,10.5,1.3,0.1,92,11.5,1058,6,0
45,Tony Pollard,DAL,24,rb,15,0,46,39,337,8.6,0,15,32,2.6,22.5,84.80%,7.3,130,719,2,35,58,5.5,47.9,8.7,169,6.2,1056,2,2
46,Mike Evans*,TAM,28,wr,16,16,114,74,1035,14,14,56,46,4.6,64.7,64.90%,9.1,1,10,0,1,10,10,0.6,0.1,75,13.9,1045,14,0
47,Hunter Renfrow*,LVR,26,wr,17,9,128,103,1038,10.1,9,51,54,6.1,61.1,80.50%,8.1,3,3,0,0,5,1,0.2,0.2,106,9.8,1041,9,5
48,Kyle Pitts*,ATL,21,te,17,15,110,68,1026,15.1,1,43,61,4,60.4,61.80%,9.3,0,0,0,0,0,0,0,0,68,15.1,1026,1,0
49,Jaylen Waddle,MIA,23,wr,16,16,140,104,1015,9.8,6,59,57,6.5,63.4,74.30%,7.3,2,3,1,1,2,1.5,0.2,0.1,106,9.6,1018,7,2
50,Marquise Brown,BAL,24,wr,16,16,146,91,1008,11.1,6,41,49,5.7,63,62.30%,6.9,1,5,0,1,5,5,0.3,0.1,92,11,1013,6,3
51,Darrel Williams,KAN,26,rb,17,7,57,47,452,9.6,2,19,38,2.8,26.6,82.50%,7.9,144,558,6,40,21,3.9,32.8,8.5,191,5.3,1010,8,0
52,Christian Kirk,ARI,25,wr,17,11,103,77,982,12.8,5,44,50,4.5,57.8,74.80%,9.5,1,11,0,1,11,11,0.6,0.1,78,12.7,993,5,0
53,James Robinson,JAX,23,rb,14,13,46,31,222,7.2,0,9,26,2.2,15.9,67.40%,4.8,164,767,8,41,58,4.7,54.8,11.7,195,5.1,989,8,4
54,D.K. Metcalf,SEA,24,wr,17,17,129,75,967,12.9,12,48,84,4.4,56.9,58.10%,7.5,1,6,0,0,6,6,0.4,0.1,76,12.8,973,12,1
55,Sony Michel,LAR,26,rb,17,7,33,21,128,6.1,1,6,24,1.2,7.5,63.60%,3.9,208,845,4,49,39,4.1,49.7,12.2,229,4.2,973,5,1
56,Amon-Ra St. Brown,DET,22,wr,17,9,119,90,912,10.1,5,48,37,5.3,53.6,75.60%,7.7,7,61,1,2,26,8.7,3.6,0.4,97,10,973,6,0
57,Michael Carter,NYJ,22,rb,14,11,55,36,325,9,0,16,23,2.6,23.2,65.50%,5.9,147,639,4,29,55,4.3,45.6,10.5,183,5.3,964,4,1
58,Chase Claypool,PIT,23,wr,15,13,105,59,860,14.6,2,35,59,3.9,57.3,56.20%,8.2,14,96,0,7,25,6.9,6.4,0.9,73,13.1,956,2,0
59,George Kittle*,SFO,28,te,14,14,94,71,910,12.8,6,42,48,5.1,65,75.50%,9.7,3,20,0,0,9,6.7,1.4,0.2,74,12.6,930,6,2
60,Kendrick Bourne,NWE,26,wr,17,5,70,55,800,14.5,5,27,75,3.2,47.1,78.60%,11.4,12,125,0,7,18,10.4,7.4,0.7,67,13.8,925,5,1
61,DeVonta Smith,PHI,23,wr,17,16,104,64,916,14.3,5,43,46,3.8,53.9,61.50%,8.8,0,0,0,0,0,0,0,0,64,14.3,916,5,1
62,Miles Sanders,PHI,24,rb,12,12,34,26,158,6.1,0,6,25,2.2,13.2,76.50%,4.6,137,754,0,33,38,5.5,62.8,11.4,163,5.6,912,0,1
63,Chase Edmonds,ARI,25,rb,12,11,53,43,311,7.2,0,11,36,3.6,25.9,81.10%,5.9,116,592,2,32,54,5.1,49.3,9.7,159,5.7,903,2,1
64,A.J. Brown,TEN,24,wr,13,13,105,63,869,13.8,5,45,57,4.8,66.8,60.00%,8.3,2,10,0,1,7,5,0.8,0.2,65,13.5,879,5,0
65,Jakobi Meyers,NWE,25,wr,17,16,126,83,866,10.4,2,42,39,4.9,50.9,65.90%,6.9,1,9,0,0,9,9,0.5,0.1,84,10.4,875,2,1
66,Amari Cooper,DAL,27,wr,15,14,104,68,865,12.7,8,45,41,4.5,57.7,65.40%,8.3,0,0,0,0,0,0,0,0,68,12.7,865,8,1
67,Darrell Henderson,LAR,24,rb,12,10,40,29,176,6.1,3,8,25,2.4,14.7,72.50%,4.4,149,688,5,39,29,4.6,57.3,12.4,178,4.9,864,8,0
68,Devontae Booker,NYG,29,rb,16,4,45,40,268,6.7,1,11,41,2.5,16.8,88.90%,6,145,593,2,31,31,4.1,37.1,9.1,185,4.7,861,3,0
69,Saquon Barkley,NYG,24,rb,13,13,57,41,263,6.4,2,13,54,3.2,20.2,71.90%,4.6,162,593,2,27,41,3.7,45.6,12.5,203,4.2,856,4,2
70,Tyler Boyd,CIN,27,wr,16,10,94,67,828,12.4,5,37,68,4.2,51.8,71.30%,8.8,2,22,0,1,14,11,1.4,0.1,69,12.3,850,5,1
71,A.J. Green,ARI,33,wr,16,9,92,54,848,15.7,3,37,42,3.4,53,58.70%,9.2,0,0,0,0,0,0,0,0,54,15.7,848,3,0
72,Myles Gaskin,MIA,24,rb,17,10,63,49,234,4.8,4,13,24,2.9,13.8,77.80%,3.7,173,612,3,25,30,3.5,36,10.2,222,3.8,846,7,2
73,Brandon Aiyuk,SFO,23,wr,17,16,84,56,826,14.8,5,37,43,3.3,48.6,66.70%,9.8,5,17,0,0,8,3.4,1,0.3,61,13.8,843,5,2
74,Marvin Jones,JAX,31,wr,17,16,120,73,832,11.4,4,42,33,4.3,48.9,60.80%,6.9,0,0,0,0,0,0,0,0,73,11.4,832,4,0
75,Dallas Goedert,PHI,26,te,15,14,76,56,830,14.8,4,42,45,3.7,55.3,73.70%,10.9,0,0,0,0,0,0,0,0,56,14.8,830,4,1
76,Van Jefferson,LAR,25,wr,17,17,89,50,802,16,6,32,79,2.9,47.2,56.20%,9,2,20,0,1,10,10,1.2,0.1,52,15.8,822,6,0
77,Dalton Schultz,DAL,25,te,17,15,104,78,808,10.4,8,43,32,4.6,47.5,75.00%,7.8,0,0,0,0,0,0,0,0,78,10.4,808,8,0
78,Rob Gronkowski,TAM,32,te,12,12,89,55,802,14.6,6,34,42,4.6,66.8,61.80%,9,0,0,0,0,0,0,0,0,55,14.6,802,6,0
79,Rashaad Penny,SEA,25,rb,10,6,8,6,48,8,0,3,27,0.6,4.8,75.00%,6,119,749,6,28,62,6.3,74.9,11.9,125,6.4,797,6,0
80,Chuba Hubbard,CAR,22,rb,17,10,37,25,174,7,1,8,33,1.5,10.2,67.60%,4.7,172,612,5,36,26,3.6,36,10.1,197,4,786,6,1
81,Christian McCaffrey,CAR,25,rb,7,7,41,37,343,9.3,1,21,32,5.3,49,90.20%,8.4,99,442,1,20,18,4.5,63.1,14.1,136,5.8,785,2,1
83,Mike Gesicki,MIA,26,te,17,9,112,73,780,10.7,2,39,40,4.3,45.9,65.20%,7,0,0,0,0,0,0,0,0,73,10.7,780,2,0
84,Courtland Sutton,DEN,26,wr,17,16,98,58,776,13.4,2,35,55,3.4,45.6,59.20%,7.9,0,0,0,0,0,0,0,0,58,13.4,776,2,0
85,Russell Gage,ATL,25,wr,14,9,94,66,770,11.7,4,37,49,4.7,55,70.20%,8.2,0,0,0,0,0,0,0,0,66,11.7,770,4,2
86,Zach Ertz,2TM,31,te,17,14,112,74,763,10.3,5,40,47,4.4,44.9,66.10%,6.8,1,4,0,0,4,4,0.2,0.1,75,10.2,767,5,0
88,Devonta Freeman,BAL,29,rb,16,8,42,34,190,5.6,1,9,15,2.1,11.9,81.00%,4.5,133,576,5,31,32,4.3,36,8.3,167,4.6,766,6,0
90,Mike Davis,ATL,28,rb,17,8,58,44,259,5.9,1,12,20,2.6,15.2,75.90%,4.5,138,503,3,21,18,3.6,29.6,8.1,182,4.2,762,4,4
91,Jamaal Williams,DET,26,rb,13,11,28,26,157,6,0,6,15,2,12.1,92.90%,5.6,153,601,3,42,20,3.9,46.2,11.8,179,4.2,758,3,1
92,Mecole Hardman,KAN,23,wr,17,8,83,59,693,11.7,2,33,53,3.5,40.8,71.10%,8.3,8,46,0,2,24,5.8,2.7,0.5,67,11,739,2,3
93,Tim Patrick,DEN,28,wr,16,16,85,53,734,13.8,5,39,44,3.3,45.9,62.40%,8.6,0,0,0,0,0,0,0,0,53,13.8,734,5,0
94,Rhamondre Stevenson,NWE,23,rb,12,2,18,14,123,8.8,0,3,41,1.2,10.3,77.80%,6.8,133,606,5,33,21,4.6,50.5,11.1,147,5,729,5,2
95,Adam Thielen,MIN,31,wr,13,13,95,67,726,10.8,10,37,35,5.2,55.8,70.50%,7.6,1,2,0,0,2,2,0.2,0.1,68,10.7,728,10,1
96,Alexander Mattison,MIN,23,rb,16,4,39,32,228,7.1,1,10,24,2,14.3,82.10%,5.8,134,491,3,28,48,3.7,30.7,8.4,166,4.3,719,4,1
97,Mark Ingram,2TM,32,rb,14,10,35,27,162,6,0,9,34,1.9,11.6,77.10%,4.6,160,554,2,23,28,3.5,39.6,11.4,187,3.8,716,2,1
98,Marquez Callaway,NOR,23,wr,17,11,84,46,698,15.2,6,32,58,2.7,41.1,54.80%,8.3,0,0,0,0,0,0,0,0,46,15.2,698,6,0
99,Cole Beasley,BUF,32,wr,16,8,112,82,693,8.5,1,34,29,5.1,43.3,73.20%,6.2,0,0,0,0,0,0,0,0,82,8.5,693,1,1
100,D'Onta Foreman,TEN,25,rb,9,3,11,9,123,13.7,0,6,39,1,13.7,81.80%,11.2,133,566,3,22,35,4.3,62.9,14.8,142,4.9,689,3,2
101,D'Ernest Johnson,CLE,25,rb,17,2,25,19,137,7.2,0,7,18,1.1,8.1,76.00%,5.5,100,534,3,24,30,5.3,31.4,5.9,119,5.6,671,3,1
102,Noah Fant,DEN,24,te,16,16,90,68,670,9.9,4,29,35,4.3,41.9,75.60%,7.4,0,0,0,0,0,0,0,0,68,9.9,670,4,0
103,K.J. Osborn,MIN,24,wr,17,9,82,50,655,13.1,7,26,64,2.9,38.5,61.00%,8,1,10,0,1,10,10,0.6,0.1,51,13,665,7,0
104,Darren Waller,LVR,29,te,11,11,93,55,665,12.1,2,31,33,5,60.5,59.10%,7.2,0,0,0,0,0,0,0,0,55,12.1,665,2,0
105,Laviska Shenault Jr.,JAX,23,wr,16,10,100,63,619,9.8,0,30,58,3.9,38.7,63.00%,6.2,11,41,0,2,11,3.7,2.6,0.7,74,8.9,660,0,1
106,Emmanuel Sanders,BUF,34,wr,14,13,72,42,626,14.9,4,31,41,3,44.7,58.30%,8.7,2,31,0,2,24,15.5,2.2,0.1,44,14.9,657,4,0
107,Quez Watkins,PHI,23,wr,17,12,62,43,647,15,1,25,91,2.5,38.1,69.40%,10.4,1,3,0,0,3,3,0.2,0.1,44,14.8,650,1,0
108,Clyde Edwards-Helaire,KAN,22,rb,10,10,23,19,129,6.8,2,8,29,1.9,12.9,82.60%,5.6,119,517,4,21,17,4.3,51.7,11.9,138,4.7,646,6,2
109,Brandon Bolden,NWE,31,rb,17,1,49,41,405,9.9,2,21,28,2.4,23.8,83.70%,8.3,44,226,1,12,24,5.1,13.3,2.6,85,7.4,631,3,1
110,Rex Burkhead,HOU,31,rb,16,5,32,25,186,7.4,0,9,20,1.6,11.6,78.10%,5.8,122,427,3,30,36,3.5,26.7,7.6,147,4.2,613,3,1
111,Cedrick Wilson Jr.,DAL,26,wr,16,4,61,45,602,13.4,6,27,73,2.8,37.6,73.80%,9.9,2,11,0,1,6,5.5,0.7,0.1,47,13,613,6,3
112,Cole Kmet,CHI,22,te,17,17,93,60,612,10.2,0,29,25,3.5,36,64.50%,6.6,1,0,0,0,0,0,0,0.1,61,10,612,0,0
113,Deonte Harris,NOR,24,wr,13,1,59,36,570,15.8,3,23,72,2.8,43.8,61.00%,9.7,5,41,0,1,22,8.2,3.2,0.4,41,14.9,611,3,2
114,Ty Johnson,NYJ,24,rb,16,3,55,34,372,10.9,2,20,23,2.1,23.3,61.80%,6.8,61,238,2,13,24,3.9,14.9,3.8,95,6.4,610,4,2
115,Jarvis Landry,CLE,29,wr,12,12,87,52,570,11,2,30,38,4.3,47.5,59.80%,6.6,6,40,2,4,16,6.7,3.3,0.5,58,10.5,610,4,3
116,J.D. McKissic,WAS,28,rb,11,3,53,43,397,9.2,2,15,56,3.9,36.1,81.10%,7.5,48,212,2,14,15,4.4,19.3,4.4,91,6.7,609,4,0
117,Kalif Raymond,DET,27,wr,16,14,71,48,576,12,4,28,75,3,36,67.60%,8.1,4,28,0,2,13,7,1.8,0.3,52,11.6,604,4,0
118,Hunter Henry,NWE,27,te,17,10,75,50,603,12.1,9,34,35,2.9,35.5,66.70%,8,0,0,0,0,0,0,0,0,50,12.1,603,9,0
119,Robert Woods,LAR,29,wr,9,9,69,45,556,12.4,4,34,28,5,61.8,65.20%,8.1,8,46,1,1,16,5.8,5.1,0.9,53,11.4,602,5,0
121,Tyler Conklin,MIN,26,te,17,15,87,61,593,9.7,3,26,40,3.6,34.9,70.10%,6.8,0,0,0,0,0,0,0,0,61,9.7,593,3,1
122,Elijah Moore,NYJ,21,wr,11,6,77,43,538,12.5,5,24,62,3.9,48.9,55.80%,7,5,54,1,3,19,10.8,4.9,0.5,48,12.3,592,6,0
123,Dawson Knox,BUF,25,te,15,14,71,49,587,12,9,31,53,3.3,39.1,69.00%,8.3,0,4,0,0,0,0,0.3,0,49,12.1,591,9,0
124,Nyheim Hines,IND,25,rb,17,4,57,40,310,7.8,1,15,36,2.4,18.2,70.20%,5.4,56,276,2,15,34,4.9,16.2,3.3,96,6.1,586,3,3
125,T.J. Hockenson,DET,24,te,12,12,84,61,583,9.6,4,32,33,5.1,48.6,72.60%,6.9,0,0,0,0,0,0,0,0,61,9.6,583,4,0
126,Latavius Murray,BAL,31,rb,14,6,13,10,75,7.5,0,2,18,0.7,5.4,76.90%,5.8,119,501,6,36,46,4.2,35.8,8.5,129,4.5,576,6,0
127,DeAndre Hopkins,ARI,29,wr,10,10,64,42,572,13.6,8,32,55,4.2,57.2,65.60%,8.9,0,0,0,0,0,0,0,0,42,13.6,572,8,0
129,Byron Pringle,KAN,28,wr,17,5,60,42,568,13.5,5,32,40,2.5,33.4,70.00%,9.5,0,0,0,0,0,0,0,0,42,13.5,568,5,2
130,Jared Cook,LAC,34,te,16,10,83,48,564,11.8,4,31,42,3,35.3,57.80%,6.8,0,0,0,0,0,0,0,0,48,11.8,564,4,0
131,Tyler Higbee,LAR,28,te,15,15,85,61,560,9.2,5,33,37,4.1,37.3,71.80%,6.6,0,0,0,0,0,0,0,0,61,9.2,560,5,1
132,Kareem Hunt,CLE,26,rb,8,1,27,22,174,7.9,0,10,23,2.8,21.8,81.50%,6.4,78,386,5,22,33,4.9,48.3,9.8,100,5.6,560,5,0
133,Robby Anderson,CAR,28,wr,17,16,110,53,519,9.8,5,27,57,3.1,30.5,48.20%,4.7,3,36,0,1,30,12,2.1,0.2,56,9.9,555,5,0
134,Odell Beckham Jr.,2TM,29,wr,14,13,82,44,537,12.2,5,27,54,3.1,38.4,53.70%,6.5,2,14,0,1,10,7,1,0.1,46,12,551,5,0
135,Antonio Brown,TAM,33,wr,7,3,62,42,545,13,4,29,62,6,77.9,67.70%,8.8,1,6,0,0,6,6,0.9,0.1,43,12.8,551,4,0
137,Zay Jones,LVR,26,wr,17,9,70,47,546,11.6,1,29,43,2.8,32.1,67.10%,7.8,2,3,0,0,4,1.5,0.2,0.1,49,11.2,549,1,1
138,Kenyan Drake,LVR,27,rb,12,2,40,30,291,9.7,1,12,31,2.5,24.3,75.00%,7.3,63,254,2,15,21,4,21.2,5.3,93,5.9,545,3,1
139,Allen Lazard,GNB,26,wr,15,13,60,40,513,12.8,8,28,42,2.7,34.2,66.70%,8.6,3,32,0,2,14,10.7,2.1,0.2,43,12.7,545,8,0
140,Kenneth Gainwell,PHI,22,rb,16,1,50,33,253,7.7,1,14,19,2.1,15.8,66.00%,5.1,68,291,5,19,18,4.3,18.2,4.3,101,5.4,544,6,2
141,Justin Jackson,LAC,25,rb,14,2,25,22,178,8.1,0,8,25,1.6,12.7,88.00%,7.1,68,364,2,18,75,5.4,26,4.9,90,6,542,2,1
142,Zack Moss,BUF,24,rb,13,0,32,23,197,8.6,1,12,24,1.8,15.2,71.90%,6.2,96,345,4,22,17,3.6,26.5,7.4,119,4.6,542,5,2
143,Khalil Herbert,CHI,23,rb,17,2,16,14,96,6.9,0,6,20,0.8,5.6,87.50%,6,103,433,2,24,29,4.2,25.5,6.1,117,4.5,529,2,1
145,Rashod Bateman,BAL,22,wr,12,4,68,46,515,11.2,1,29,36,3.8,42.9,67.60%,7.6,0,0,0,0,0,0,0,0,46,11.2,515,1,0
146,DeVante Parker,MIA,28,wr,10,8,73,40,515,12.9,2,29,42,4,51.5,54.80%,7.1,0,0,0,0,0,0,0,0,40,12.9,515,2,0
147,Rondale Moore,ARI,21,wr,14,7,64,54,435,8.1,1,18,77,3.9,31.1,84.40%,6.8,18,76,0,2,26,4.2,5.4,1.3,72,7.1,511,1,3
148,Alex Collins,SEA,27,rb,11,6,10,9,87,9.7,0,3,28,0.8,7.9,90.00%,8.7,108,411,2,22,25,3.8,37.4,9.8,117,4.3,498,2,1
149,Gerald Everett,SEA,27,te,15,12,63,48,478,10,4,26,41,3.2,31.9,76.20%,7.6,3,20,0,2,13,6.7,1.3,0.2,51,9.8,498,4,2
150,Pat Freiermuth,PIT,23,te,16,9,79,60,497,8.3,7,34,24,3.8,31.1,75.90%,6.3,0,0,0,0,0,0,0,0,60,8.3,497,7,1
151,C.J. Uzomah,CIN,28,te,16,16,63,49,493,10.1,5,24,55,3.1,30.8,77.80%,7.8,0,0,0,0,0,0,0,0,49,10.1,493,5,0
153,Ronald Jones II,TAM,24,rb,16,3,13,10,64,6.4,0,2,15,0.6,4,76.90%,4.9,101,428,4,25,30,4.2,26.8,6.3,111,4.4,492,4,2
155,Nelson Agholor,NWE,28,wr,15,13,64,37,473,12.8,3,23,44,2.5,31.5,57.80%,7.4,3,11,0,0,6,3.7,0.7,0.2,40,12.1,484,3,0
159,Braxton Berrios+,NYJ,26,wr,16,1,65,46,431,9.4,2,21,46,2.9,26.9,70.80%,6.6,7,40,2,3,11,5.7,2.5,0.4,53,8.9,471,4,1
160,Jerry Jeudy,DEN,22,wr,10,5,56,38,467,12.3,0,22,40,3.8,46.7,67.90%,8.3,2,3,0,0,3,1.5,0.3,0.2,40,11.8,470,0,1
162,Boston Scott,PHI,26,rb,16,4,16,13,83,6.4,0,3,19,0.8,5.2,81.30%,5.2,87,373,7,24,23,4.3,23.3,5.4,100,4.6,456,7,1
163,Ameer Abdullah,2TM,28,rb,17,1,53,38,289,7.6,1,13,23,2.2,17,71.70%,5.5,51,166,0,8,15,3.3,9.8,3,89,5.1,455,1,0
164,David Johnson,HOU,30,rb,13,4,42,32,225,7,1,11,16,2.5,17.3,76.20%,5.4,67,228,0,7,15,3.4,17.5,5.2,99,4.6,453,1,1
166,Jamison Crowder,NYJ,28,wr,12,4,71,51,447,8.8,2,24,29,4.3,37.3,71.80%,6.3,0,0,0,0,0,0,0,0,51,8.8,447,2,1
169,Samaje Perine,CIN,26,rb,16,0,31,27,196,7.3,1,9,23,1.7,12.3,87.10%,6.3,55,246,1,11,46,4.5,15.4,3.4,82,5.4,442,2,0
170,Dontrell Hilliard,TEN,26,rb,8,5,26,19,87,4.6,0,7,28,2.4,10.9,73.10%,3.3,56,350,2,15,68,6.3,43.8,7,75,5.8,437,2,2
176,Kadarius Toney,NYG,22,wr,10,4,57,39,420,10.8,0,21,38,3.9,42,68.40%,7.4,3,6,0,0,7,2,0.6,0.3,42,10.1,426,0,0
177,Jordan Howard,PHI,27,rb,7,0,5,2,19,9.5,0,2,10,0.3,2.7,40.00%,3.8,86,406,3,24,25,4.7,58,12.3,88,4.8,425,3,0
182,Tevin Coleman,NYJ,28,rb,11,5,16,11,49,4.5,0,2,11,1,4.5,68.80%,3.1,84,356,0,19,20,4.2,32.4,7.6,95,4.3,405,0,0
183,Evan Engram,NYG,27,te,15,12,73,46,408,8.9,3,21,30,3.1,27.2,63.00%,5.6,1,-3,0,0,-3,-3,-0.2,0.1,47,8.6,405,3,1
184,Zach Pascal,IND,27,wr,16,13,69,38,384,10.1,3,16,41,2.4,24,55.10%,5.6,2,21,0,0,12,10.5,1.3,0.1,40,10.1,405,3,1
185,Jeremy McNichols,TEN,26,rb,14,0,38,28,240,8.6,1,11,27,2,17.1,73.70%,6.3,41,156,0,6,14,3.8,11.1,2.9,69,5.7,396,1,0
189,Adam Humphries,WAS,28,wr,17,11,62,41,383,9.3,0,23,27,2.4,22.5,66.10%,6.2,0,0,0,0,0,0,0,0,41,9.3,383,0,0
195,Duke Johnson,MIA,28,rb,5,4,5,4,41,10.3,0,3,20,0.8,8.2,80.00%,8.2,71,330,3,18,27,4.6,66,14.2,75,4.9,371,3,0
196,Derrick Gore,KAN,27,rb,11,0,9,8,105,13.1,0,3,50,0.7,9.5,88.90%,11.7,51,256,2,12,51,5,23.3,4.6,59,6.1,361,2,0
203,Jaret Patterson,WAS,22,rb,17,1,11,10,73,7.3,0,5,12,0.6,4.3,90.90%,6.6,68,266,2,15,13,3.9,15.6,4,78,4.3,339,2,1
208,Jalen Reagor,PHI,22,wr,17,13,57,33,299,9.1,2,13,34,1.9,17.6,57.90%,5.2,10,32,0,3,12,3.2,1.9,0.6,43,7.7,331,2,2
213,Jeff Wilson,SFO,26,rb,9,4,8,7,31,4.4,0,1,11,0.8,3.4,87.50%,3.9,79,294,2,19,17,3.7,32.7,8.8,86,3.8,325,2,1
214,Devin Duvernay*+,BAL,24,wr,16,7,47,33,272,8.2,2,14,21,2.1,17,70.20%,5.8,7,50,0,4,19,7.1,3.1,0.4,40,8.1,322,2,1
215,Carlos Hyde,JAX,31,rb,12,2,21,12,65,5.4,0,1,9,1,5.4,57.10%,3.1,72,253,1,14,18,3.5,21.1,6,84,3.8,318,1,2
226,Phillip Lindsay,2TM,27,rb,14,1,5,4,45,11.3,1,1,22,0.3,3.2,80.00%,9,88,249,1,11,35,2.8,17.8,6.3,92,3.2,294,2,0
227,Ray-Ray McCloud,PIT,25,wr,16,5,66,39,277,7.1,0,18,24,2.4,17.3,59.10%,4.2,2,15,0,0,10,7.5,0.9,0.1,41,7.1,292,0,4
230,Craig Reynolds,DET,25,rb,5,2,8,7,52,7.4,0,3,14,1.4,10.4,87.50%,6.5,55,230,0,11,35,4.2,46,11,62,4.5,282,0,0
232,Peyton Barber,LVR,27,rb,10,1,13,10,67,6.7,0,3,23,1,6.7,76.90%,5.2,55,212,2,12,27,3.9,21.2,5.5,65,4.3,279,2,2
234,DeeJay Dallas,SEA,23,rb,17,0,23,21,133,6.3,0,4,29,1.2,7.8,91.30%,5.8,33,138,2,10,15,4.2,8.1,1.9,54,5,271,2,1
237,Ty'Son Williams,BAL,25,rb,13,3,12,9,84,9.3,0,4,21,0.7,6.5,75.00%,7,35,185,1,7,35,5.3,14.2,2.7,44,6.1,269,1,1
238,Damien Williams,CHI,29,rb,12,2,23,16,103,6.4,1,3,23,1.3,8.6,69.60%,4.5,40,164,2,11,23,4.1,13.7,3.3,56,4.8,267,3,0
239,Salvon Ahmed,MIA,23,rb,12,0,19,12,117,9.8,0,4,18,1,9.8,63.20%,6.2,54,149,0,8,16,2.8,12.4,4.5,66,4,266,0,0
242,Chris Carson,SEA,27,rb,4,4,6,6,29,4.8,0,1,16,1.5,7.3,100.00%,4.8,54,232,3,11,33,4.3,58,13.5,60,4.4,261,3,1
245,Dare Ogunbowale,JAX,27,rb,17,2,21,13,114,8.8,1,3,28,0.8,6.7,61.90%,5.4,43,137,1,5,12,3.2,8.1,2.5,56,4.5,251,2,0
250,Royce Freeman,2TM,25,rb,15,0,16,10,77,7.7,0,4,12,0.7,5.1,62.50%,4.8,56,169,0,8,13,3,11.3,3.7,66,3.7,246,0,0
275,Ke'Shawn Vaughn,TAM,24,rb,12,1,8,4,26,6.5,0,1,8,0.3,2.2,50.00%,3.3,36,180,2,9,55,5,15,3,40,5.2,206,2,0
283,Trey Sermon,SFO,22,rb,9,2,4,3,26,8.7,0,1,23,0.3,2.9,75.00%,6.5,41,167,1,9,16,4.1,18.6,4.6,44,4.4,193,1,0
300,Tony Jones,NOR,24,rb,11,4,8,5,29,5.8,0,2,19,0.5,2.6,62.50%,3.6,54,142,0,7,11,2.6,12.9,4.9,59,2.9,171,0,0
313,Eno Benjamin,ARI,22,rb,9,0,7,6,42,7,0,4,12,0.7,4.7,85.70%,6,34,118,1,4,21,3.5,13.1,3.8,40,4,160,1,0
334,Le'Veon Bell,2TM,29,rb,8,0,7,5,30,6,1,3,15,0.6,3.8,71.40%,4.3,39,101,2,9,12,2.6,12.6,4.9,44,3,131,3,0
357,Adrian Peterson,2TM,36,rb,4,3,4,4,8,2,0,0,5,1,2,100.00%,2,38,98,2,6,16,2.6,24.5,9.5,42,2.5,106,2,1
