Rk,Player,Tm,Age,Pos,G,GS,Tgt,Rec,Yds,Y/R,TD,1D,Lng,R/G,Y/G,Ctch%,Y/Tgt,Att,Yds,TD,1D,Lng,Y/A,Y/G,A/G,Touch,Y/Tch,YScm,RRTD,Fmb
1,Jonathan Taylor*+,IND,22,RB,17,17,51,40,360,9,2,12,76,2.4,21.2,78.40%,7.1,332,1811,18,107,83,5.5,106.5,19.5,372,5.8,2171,20,4
2,Cooper Kupp*+,LAR,28,WR,17,17,191,145,1947,13.4,16,89,59,8.5,114.5,75.90%,10.2,4,18,0,1,18,4.5,1.1,0.2,149,13.2,1965,16,0
3,Deebo Samuel*+,SFO,25,WR,16,15,121,77,1405,18.2,6,51,83,4.8,87.8,63.60%,11.6,59,365,8,21,49,6.2,22.8,3.7,136,13,1770,14,4
4,Najee Harris*,PIT,23,RB,17,17,94,74,467,6.3,3,22,25,4.4,27.5,78.70%,5,307,1200,7,62,37,3.9,70.6,18.1,381,4.4,1667,10,0
5,Justin Jefferson*,MIN,22,WR,17,17,167,108,1616,15,10,75,56,6.4,95.1,64.70%,9.7,6,14,0,1,11,2.3,0.8,0.4,114,14.3,1630,10,1
6,Austin Ekeler,LAC,26,RB,16,16,94,70,647,9.2,8,31,40,4.4,40.4,74.50%,6.9,206,911,12,53,28,4.4,56.9,12.9,276,5.6,1558,20,4
7,Davante Adams*+,GNB,29,WR,16,16,169,123,1553,12.6,11,84,59,7.7,97.1,72.80%,9.2,,,,0,,,,,123,12.6,1553,11,0
8,Joe Mixon*,CIN,25,RB,16,16,48,42,314,7.5,3,11,52,2.6,19.6,87.50%,6.5,292,1205,13,60,32,4.1,75.3,18.3,334,4.5,1519,16,2
9,Ja'Marr Chase*,CIN,21,WR,17,17,128,81,1455,18,13,56,82,4.8,85.6,63.30%,11.4,7,21,0,2,10,3,1.2,0.4,88,16.8,1476,13,2
10,Nick Chubb*,CLE,26,RB,14,14,25,20,174,8.7,1,9,40,1.4,12.4,80.00%,7,228,1259,8,61,70,5.5,89.9,16.3,248,5.8,1433,9,2
11,Dalvin Cook*,MIN,26,RB,13,13,49,34,224,6.6,0,9,24,2.6,17.2,69.40%,4.6,249,1159,6,57,66,4.7,89.2,19.2,283,4.9,1383,6,3
12,Mark Andrews*+,BAL,26,te,17,9,153,107,1361,12.7,9,75,43,6.3,80.1,69.90%,8.9,1,0,0,0,0,0,0,0.1,108,12.6,1361,9,1
13,Alvin Kamara*,NOR,26,rb,13,10,67,47,439,9.3,5,20,31,3.6,33.8,70.10%,6.6,240,898,4,42,30,3.7,69.1,18.5,287,4.7,1337,9,0
14,Tyreek Hill*,KAN,27,WR,17,16,159,111,1239,11.2,9,75,75,6.5,72.9,69.80%,7.8,9,96,0,4,33,10.7,5.6,0.5,120,11.1,1335,9,2
15,Antonio Gibson,WAS,23,RB,16,14,52,42,294,7,3,12,73,2.6,18.4,80.80%,5.7,258,1037,7,65,27,4,64.8,16.1,300,4.4,1331,10,6
16,Ezekiel Elliott,DAL,26,RB,17,17,65,47,287,6.1,2,17,21,2.8,16.9,72.30%,4.4,237,1002,10,55,47,4.2,58.9,13.9,284,4.5,1289,12,1
17,Leonard Fournette,TAM,26,RB,14,13,84,69,454,6.6,2,30,23,4.9,32.4,82.10%,5.4,180,812,8,45,47,4.5,58,12.9,249,5.1,1266,10,1
18,Stefon Diggs*,BUF,28,WR,17,17,164,103,1225,11.9,10,66,61,6.1,72.1,62.80%,7.5,,,,0,,,,,103,11.9,1225,10,1
19,Josh Jacobs,LVR,23,RB,15,14,64,54,348,6.4,0,14,29,3.6,23.2,84.40%,5.4,217,872,9,45,28,4,58.1,14.5,271,4.5,1220,9,2
20,Javonte Williams,DEN,21,rb,17,1,53,43,316,7.3,3,12,42,2.5,18.6,81.10%,6,203,903,4,52,49,4.4,53.1,11.9,246,5,1219,7,2
21,Diontae Johnson*,PIT,25,WR,16,14,169,107,1161,10.9,8,59,50,6.7,72.6,63.30%,6.9,5,53,0,2,25,10.6,3.3,0.3,112,10.8,1214,8,2
22,D.J. Moore,CAR,24,WR,17,17,163,93,1157,12.4,4,60,64,5.5,68.1,57.10%,7.1,8,48,0,4,14,6,2.8,0.5,101,11.9,1205,4,1
23,Aaron Jones,GNB,27,RB,15,15,65,52,391,7.5,6,22,26,3.5,26.1,80.00%,6,171,799,4,37,57,4.7,53.3,11.4,223,5.3,1190,10,2
24,Tyler Lockett,SEA,29,WR,16,16,107,73,1175,16.1,8,41,69,4.6,73.4,68.20%,11,2,9,0,0,7,4.5,0.6,0.1,75,15.8,1184,8,0
25,CeeDee Lamb*,DAL,22,WR,16,13,120,79,1102,13.9,6,54,49,4.9,68.9,65.80%,9.2,9,76,0,4,33,8.4,4.8,0.6,88,13.4,1178,6,0
26,Cordarrelle Patterson,ATL,30,RB,16,13,69,52,548,10.5,5,26,64,3.3,34.3,75.40%,7.9,153,618,6,29,39,4,38.6,9.6,205,5.7,1166,11,2
27,David Montgomery,CHI,24,RB,13,13,51,42,301,7.2,0,18,16,3.2,23.2,82.40%,5.9,225,849,7,55,41,3.8,65.3,17.3,267,4.3,1150,7,1
28,Mike Williams,LAC,27,WR,16,14,129,76,1146,15.1,9,51,72,4.8,71.6,58.90%,8.9,,,,0,,,,,76,15.1,1146,9,0
29,Keenan Allen*,LAC,29,WR,16,16,157,106,1138,10.7,6,66,42,6.6,71.1,67.50%,7.2,,,,0,,,,,106,10.7,1138,6,1
30,Melvin Gordon,DEN,28,RB,16,16,38,28,213,7.6,2,9,30,1.8,13.3,73.70%,5.6,203,918,8,48,70,4.5,57.4,12.7,231,4.9,1131,10,3
31,Travis Kelce*,KAN,32,TE,16,16,134,92,1125,12.2,9,63,69,5.8,70.3,68.70%,8.4,2,3,1,1,4,1.5,0.2,0.1,94,12,1128,10,1
32,James Conner*,ARI,26,rb,15,6,39,37,375,10.1,3,18,45,2.5,25,94.90%,9.6,202,752,15,53,35,3.7,50.1,13.5,239,4.7,1127,18,2
33,Michael Pittman Jr.,IND,24,WR,17,17,129,88,1082,12.3,6,54,57,5.2,63.6,68.20%,8.4,5,44,0,1,25,8.8,2.6,0.3,93,12.1,1126,6,1
34,Chris Godwin,TAM,25,WR,14,14,127,98,1103,11.3,5,55,44,7,78.8,77.20%,8.7,4,21,1,4,9,5.3,1.5,0.3,102,11,1124,6,2
35,AJ Dillon,GNB,23,rb,17,2,37,34,313,9.2,2,15,50,2,18.4,91.90%,8.5,187,803,5,50,36,4.3,47.2,11,221,5,1116,7,2
36,Elijah Mitchell,SFO,23,rb,11,10,20,19,137,7.2,1,6,14,1.7,12.5,95.00%,6.9,207,963,5,47,39,4.7,87.5,18.8,226,4.9,1100,6,0
37,Devin Singletary,BUF,24,RB,17,16,50,40,228,5.7,1,11,19,2.4,13.4,80.00%,4.6,188,870,7,44,46,4.6,51.2,11.1,228,4.8,1098,8,5
38,Derrick Henry,TEN,27,rb,8,8,20,18,154,8.6,0,7,16,2.3,19.3,90.00%,7.7,219,937,10,49,76,4.3,117.1,27.4,237,4.6,1091,10,1
39,Tee Higgins,CIN,22,WR,14,14,110,74,1091,14.7,6,53,54,5.3,77.9,67.30%,9.9,,,,0,,,,,74,14.7,1091,6,1
40,Darnell Mooney,CHI,24,WR,17,14,140,81,1055,13,4,49,64,4.8,62.1,57.90%,7.5,6,32,1,2,15,5.3,1.9,0.4,87,12.5,1087,5,0
41,D'Andre Swift,DET,22,rb,13,4,78,62,452,7.3,2,18,63,4.8,34.8,79.50%,5.8,151,617,5,28,57,4.1,47.5,11.6,213,5,1069,7,2
42,Terry McLaurin,WAS,26,WR,17,17,130,77,1053,13.7,5,47,46,4.5,61.9,59.20%,8.1,1,12,0,1,12,12,0.7,0.1,78,13.7,1065,5,0
43,Damien Harris,NWE,24,RB,15,15,21,18,132,7.3,0,4,21,1.2,8.8,85.70%,6.3,202,929,15,55,64,4.6,61.9,13.5,220,4.8,1061,15,2
44,Brandin Cooks,HOU,28,WR,16,16,134,90,1037,11.5,6,45,52,5.6,64.8,67.20%,7.7,2,21,0,1,16,10.5,1.3,0.1,92,11.5,1058,6,0
45,Tony Pollard,DAL,24,,15,0,46,39,337,8.6,0,15,32,2.6,22.5,84.80%,7.3,130,719,2,35,58,5.5,47.9,8.7,169,6.2,1056,2,2
46,Mike Evans*,TAM,28,WR,16,16,114,74,1035,14,14,56,46,4.6,64.7,64.90%,9.1,1,10,0,1,10,10,0.6,0.1,75,13.9,1045,14,0
47,Hunter Renfrow*,LVR,26,wr,17,9,128,103,1038,10.1,9,51,54,6.1,61.1,80.50%,8.1,3,3,0,0,5,1,0.2,0.2,106,9.8,1041,9,5
48,Kyle Pitts*,ATL,21,TE,17,15,110,68,1026,15.1,1,43,61,4,60.4,61.80%,9.3,,,,0,,,,,68,15.1,1026,1,0
49,Jaylen Waddle,MIA,23,WR,16,16,140,104,1015,9.8,6,59,57,6.5,63.4,74.30%,7.3,2,3,1,1,2,1.5,0.2,0.1,106,9.6,1018,7,2
50,Marquise Brown,BAL,24,WR,16,16,146,91,1008,11.1,6,41,49,5.7,63,62.30%,6.9,1,5,0,1,5,5,0.3,0.1,92,11,1013,6,3
51,Darrel Williams,KAN,26,rb,17,7,57,47,452,9.6,2,19,38,2.8,26.6,82.50%,7.9,144,558,6,40,21,3.9,32.8,8.5,191,5.3,1010,8,0
52,Christian Kirk,ARI,25,WR,17,11,103,77,982,12.8,5,44,50,4.5,57.8,74.80%,9.5,1,11,0,1,11,11,0.6,0.1,78,12.7,993,5,0
53,James Robinson,JAX,23,RB,14,13,46,31,222,7.2,0,9,26,2.2,15.9,67.40%,4.8,164,767,8,41,58,4.7,54.8,11.7,195,5.1,989,8,4
54,D.K. Metcalf,SEA,24,WR,17,17,129,75,967,12.9,12,48,84,4.4,56.9,58.10%,7.5,1,6,0,0,6,6,0.4,0.1,76,12.8,973,12,1
55,Sony Michel,LAR,26,rb,17,7,33,21,128,6.1,1,6,24,1.2,7.5,63.60%,3.9,208,845,4,49,39,4.1,49.7,12.2,229,4.2,973,5,1
56,Amon-Ra St. Brown,DET,22,wr,17,9,119,90,912,10.1,5,48,37,5.3,53.6,75.60%,7.7,7,61,1,2,26,8.7,3.6,0.4,97,10,973,6,0
57,Michael Carter,NYJ,22,RB,14,11,55,36,325,9,0,16,23,2.6,23.2,65.50%,5.9,147,639,4,29,55,4.3,45.6,10.5,183,5.3,964,4,1
58,Chase Claypool,PIT,23,WR,15,13,105,59,860,14.6,2,35,59,3.9,57.3,56.20%,8.2,14,96,0,7,25,6.9,6.4,0.9,73,13.1,956,2,0
59,George Kittle*,SFO,28,TE,14,14,94,71,910,12.8,6,42,48,5.1,65,75.50%,9.7,3,20,0,0,9,6.7,1.4,0.2,74,12.6,930,6,2
60,Kendrick Bourne,NWE,26,wr,17,5,70,55,800,14.5,5,27,75,3.2,47.1,78.60%,11.4,12,125,0,7,18,10.4,7.4,0.7,67,13.8,925,5,1
61,DeVonta Smith,PHI,23,WR,17,16,104,64,916,14.3,5,43,46,3.8,53.9,61.50%,8.8,,,,0,,,,,64,14.3,916,5,1
62,Miles Sanders,PHI,24,RB,12,12,34,26,158,6.1,0,6,25,2.2,13.2,76.50%,4.6,137,754,0,33,38,5.5,62.8,11.4,163,5.6,912,0,1
63,Chase Edmonds,ARI,25,RB,12,11,53,43,311,7.2,0,11,36,3.6,25.9,81.10%,5.9,116,592,2,32,54,5.1,49.3,9.7,159,5.7,903,2,1
64,A.J. Brown,TEN,24,WR,13,13,105,63,869,13.8,5,45,57,4.8,66.8,60.00%,8.3,2,10,0,1,7,5,0.8,0.2,65,13.5,879,5,0
65,Jakobi Meyers,NWE,25,WR,17,16,126,83,866,10.4,2,42,39,4.9,50.9,65.90%,6.9,1,9,0,0,9,9,0.5,0.1,84,10.4,875,2,1
66,Amari Cooper,DAL,27,WR,15,14,104,68,865,12.7,8,45,41,4.5,57.7,65.40%,8.3,,,,0,,,,,68,12.7,865,8,1
67,Darrell Henderson,LAR,24,rb,12,10,40,29,176,6.1,3,8,25,2.4,14.7,72.50%,4.4,149,688,5,39,29,4.6,57.3,12.4,178,4.9,864,8,0
68,Devontae Booker,NYG,29,,16,4,45,40,268,6.7,1,11,41,2.5,16.8,88.90%,6,145,593,2,31,31,4.1,37.1,9.1,185,4.7,861,3,0
69,Saquon Barkley,NYG,24,RB,13,13,57,41,263,6.4,2,13,54,3.2,20.2,71.90%,4.6,162,593,2,27,41,3.7,45.6,12.5,203,4.2,856,4,2
70,Tyler Boyd,CIN,27,wr,16,10,94,67,828,12.4,5,37,68,4.2,51.8,71.30%,8.8,2,22,0,1,14,11,1.4,0.1,69,12.3,850,5,1
71,A.J. Green,ARI,33,wr,16,9,92,54,848,15.7,3,37,42,3.4,53,58.70%,9.2,,,,0,,,,,54,15.7,848,3,0
72,Myles Gaskin,MIA,24,rb,17,10,63,49,234,4.8,4,13,24,2.9,13.8,77.80%,3.7,173,612,3,25,30,3.5,36,10.2,222,3.8,846,7,2
73,Brandon Aiyuk,SFO,23,WR,17,16,84,56,826,14.8,5,37,43,3.3,48.6,66.70%,9.8,5,17,0,0,8,3.4,1,0.3,61,13.8,843,5,2
74,Marvin Jones,JAX,31,WR,17,16,120,73,832,11.4,4,42,33,4.3,48.9,60.80%,6.9,,,,0,,,,,73,11.4,832,4,0
75,Dallas Goedert,PHI,26,TE,15,14,76,56,830,14.8,4,42,45,3.7,55.3,73.70%,10.9,,,,0,,,,,56,14.8,830,4,1
76,Van Jefferson,LAR,25,WR,17,17,89,50,802,16,6,32,79,2.9,47.2,56.20%,9,2,20,0,1,10,10,1.2,0.1,52,15.8,822,6,0
77,Dalton Schultz,DAL,25,TE,17,15,104,78,808,10.4,8,43,32,4.6,47.5,75.00%,7.8,,,,0,,,,,78,10.4,808,8,0
78,Rob Gronkowski,TAM,32,TE,12,12,89,55,802,14.6,6,34,42,4.6,66.8,61.80%,9,,,,0,,,,,55,14.6,802,6,0
79,Rashaad Penny,SEA,25,rb,10,6,8,6,48,8,0,3,27,0.6,4.8,75.00%,6,119,749,6,28,62,6.3,74.9,11.9,125,6.4,797,6,0
80,Chuba Hubbard,CAR,22,rb,17,10,37,25,174,7,1,8,33,1.5,10.2,67.60%,4.7,172,612,5,36,26,3.6,36,10.1,197,4,786,6,1
81,Christian McCaffrey,CAR,25,rb,7,7,41,37,343,9.3,1,21,32,5.3,49,90.20%,8.4,99,442,1,20,18,4.5,63.1,14.1,136,5.8,785,2,1
82,Jalen Hurts,PHI,23,QB,15,15,1,0,0,,0,0,0,0,0,0.00%,0,139,784,10,56,31,5.6,52.3,9.3,139,5.6,784,10,9
83,Mike Gesicki,MIA,26,te,17,9,112,73,780,10.7,2,39,40,4.3,45.9,65.20%,7,,,,0,,,,,73,10.7,780,2,0
84,Courtland Sutton,DEN,26,WR,17,16,98,58,776,13.4,2,35,55,3.4,45.6,59.20%,7.9,,,,0,,,,,58,13.4,776,2,0
85,Russell Gage,ATL,25,wr,14,9,94,66,770,11.7,4,37,49,4.7,55,70.20%,8.2,,,,0,,,,,66,11.7,770,4,2
86,Zach Ertz,2TM,31,,17,14,112,74,763,10.3,5,40,47,4.4,44.9,66.10%,6.8,1,4,0,0,4,4,0.2,0.1,75,10.2,767,5,0
87,Lamar Jackson*,BAL,24,QB,12,12,0,0,0,,0,0,0,0,0,0.00%,,133,767,2,48,31,5.8,63.9,11.1,133,5.8,767,2,6
88,Devonta Freeman,BAL,29,rb,16,8,42,34,190,5.6,1,9,15,2.1,11.9,81.00%,4.5,133,576,5,31,32,4.3,36,8.3,167,4.6,766,6,0
89,Josh Allen,BUF,25,QB,17,17,0,0,0,,0,0,0,0,0,0.00%,,122,763,6,54,34,6.3,44.9,7.2,122,6.3,763,6,8
90,Mike Davis,ATL,28,rb,17,8,58,44,259,5.9,1,12,20,2.6,15.2,75.90%,4.5,138,503,3,21,18,3.6,29.6,8.1,182,4.2,762,4,4
91,Jamaal Williams,DET,26,RB,13,11,28,26,157,6,0,6,15,2,12.1,92.90%,5.6,153,601,3,42,20,3.9,46.2,11.8,179,4.2,758,3,1
92,Mecole Hardman,KAN,23,wr,17,8,83,59,693,11.7,2,33,53,3.5,40.8,71.10%,8.3,8,46,0,2,24,5.8,2.7,0.5,67,11,739,2,3
93,Tim Patrick,DEN,28,WR,16,16,85,53,734,13.8,5,39,44,3.3,45.9,62.40%,8.6,,,,0,,,,,53,13.8,734,5,0
94,Rhamondre Stevenson,NWE,23,rb,12,2,18,14,123,8.8,0,3,41,1.2,10.3,77.80%,6.8,133,606,5,33,21,4.6,50.5,11.1,147,5,729,5,2
95,Adam Thielen,MIN,31,WR,13,13,95,67,726,10.8,10,37,35,5.2,55.8,70.50%,7.6,1,2,0,0,2,2,0.2,0.1,68,10.7,728,10,1
96,Alexander Mattison,MIN,23,rb,16,4,39,32,228,7.1,1,10,24,2,14.3,82.10%,5.8,134,491,3,28,48,3.7,30.7,8.4,166,4.3,719,4,1
97,Mark Ingram,2TM,32,,14,10,35,27,162,6,0,9,34,1.9,11.6,77.10%,4.6,160,554,2,23,28,3.5,39.6,11.4,187,3.8,716,2,1
98,Marquez Callaway,NOR,23,WR,17,11,84,46,698,15.2,6,32,58,2.7,41.1,54.80%,8.3,,,,0,,,,,46,15.2,698,6,0
99,Cole Beasley,BUF,32,wr,16,8,112,82,693,8.5,1,34,29,5.1,43.3,73.20%,6.2,,,,0,,,,,82,8.5,693,1,1
100,D'Onta Foreman,TEN,25,rb,9,3,11,9,123,13.7,0,6,39,1,13.7,81.80%,11.2,133,566,3,22,35,4.3,62.9,14.8,142,4.9,689,3,2
101,D'Ernest Johnson,CLE,25,rb,17,2,25,19,137,7.2,0,7,18,1.1,8.1,76.00%,5.5,100,534,3,24,30,5.3,31.4,5.9,119,5.6,671,3,1
102,Noah Fant,DEN,24,TE,16,16,90,68,670,9.9,4,29,35,4.3,41.9,75.60%,7.4,,,,0,,,,,68,9.9,670,4,0
103,K.J. Osborn,MIN,24,wr,17,9,82,50,655,13.1,7,26,64,2.9,38.5,61.00%,8,1,10,0,1,10,10,0.6,0.1,51,13,665,7,0
104,Darren Waller,LVR,29,TE,11,11,93,55,665,12.1,2,31,33,5,60.5,59.10%,7.2,,,,0,,,,,55,12.1,665,2,0
105,Laviska Shenault Jr.,JAX,23,wr,16,10,100,63,619,9.8,0,30,58,3.9,38.7,63.00%,6.2,11,41,0,2,11,3.7,2.6,0.7,74,8.9,660,0,1
106,Emmanuel Sanders,BUF,34,WR,14,13,72,42,626,14.9,4,31,41,3,44.7,58.30%,8.7,2,31,0,2,24,15.5,2.2,0.1,44,14.9,657,4,0
107,Quez Watkins,PHI,23,WR,17,12,62,43,647,15,1,25,91,2.5,38.1,69.40%,10.4,1,3,0,0,3,3,0.2,0.1,44,14.8,650,1,0
108,Clyde Edwards-Helaire,KAN,22,rb,10,10,23,19,129,6.8,2,8,29,1.9,12.9,82.60%,5.6,119,517,4,21,17,4.3,51.7,11.9,138,4.7,646,6,2
109,Brandon Bolden,NWE,31,rb,17,1,49,41,405,9.9,2,21,28,2.4,23.8,83.70%,8.3,44,226,1,12,24,5.1,13.3,2.6,85,7.4,631,3,1
110,Rex Burkhead,HOU,31,rb,16,5,32,25,186,7.4,0,9,20,1.6,11.6,78.10%,5.8,122,427,3,30,36,3.5,26.7,7.6,147,4.2,613,3,1
111,Cedrick Wilson Jr.,DAL,26,wr,16,4,61,45,602,13.4,6,27,73,2.8,37.6,73.80%,9.9,2,11,0,1,6,5.5,0.7,0.1,47,13,613,6,3
112,Cole Kmet,CHI,22,TE,17,17,93,60,612,10.2,0,29,25,3.5,36,64.50%,6.6,1,0,0,0,0,0,0,0.1,61,10,612,0,0
113,Deonte Harris,NOR,24,wr,13,1,59,36,570,15.8,3,23,72,2.8,43.8,61.00%,9.7,5,41,0,1,22,8.2,3.2,0.4,41,14.9,611,3,2
114,Ty Johnson,NYJ,24,rb,16,3,55,34,372,10.9,2,20,23,2.1,23.3,61.80%,6.8,61,238,2,13,24,3.9,14.9,3.8,95,6.4,610,4,2
115,Jarvis Landry,CLE,29,,12,12,87,52,570,11,2,30,38,4.3,47.5,59.80%,6.6,6,40,2,4,16,6.7,3.3,0.5,58,10.5,610,4,3
116,J.D. McKissic,WAS,28,rb,11,3,53,43,397,9.2,2,15,56,3.9,36.1,81.10%,7.5,48,212,2,14,15,4.4,19.3,4.4,91,6.7,609,4,0
117,Kalif Raymond,DET,27,WR,16,14,71,48,576,12,4,28,75,3,36,67.60%,8.1,4,28,0,2,13,7,1.8,0.3,52,11.6,604,4,0
118,Hunter Henry,NWE,27,te,17,10,75,50,603,12.1,9,34,35,2.9,35.5,66.70%,8,,,,0,,,,,50,12.1,603,9,0
119,Robert Woods,LAR,29,wr,9,9,69,45,556,12.4,4,34,28,5,61.8,65.20%,8.1,8,46,1,1,16,5.8,5.1,0.9,53,11.4,602,5,0
120,Donovan Peoples-Jones,CLE,22,wr,14,9,58,34,597,17.6,3,26,60,2.4,42.6,58.60%,10.3,,,,0,,,,,34,17.6,597,3,2
121,Tyler Conklin,MIN,26,TE,17,15,87,61,593,9.7,3,26,40,3.6,34.9,70.10%,6.8,,,,0,,,,,61,9.7,593,3,1
122,Elijah Moore,NYJ,21,wr,11,6,77,43,538,12.5,5,24,62,3.9,48.9,55.80%,7,5,54,1,3,19,10.8,4.9,0.5,48,12.3,592,6,0
123,Dawson Knox,BUF,25,TE,15,14,71,49,587,12,9,31,53,3.3,39.1,69.00%,8.3,0,4,0,0,0,,0.3,0,49,12.1,591,9,0
124,Nyheim Hines,IND,25,rb,17,4,57,40,310,7.8,1,15,36,2.4,18.2,70.20%,5.4,56,276,2,15,34,4.9,16.2,3.3,96,6.1,586,3,3
125,T.J. Hockenson,DET,24,TE,12,12,84,61,583,9.6,4,32,33,5.1,48.6,72.60%,6.9,,,,0,,,,,61,9.6,583,4,0
126,Latavius Murray,BAL,31,rb,14,6,13,10,75,7.5,0,2,18,0.7,5.4,76.90%,5.8,119,501,6,36,46,4.2,35.8,8.5,129,4.5,576,6,0
127,DeAndre Hopkins,ARI,29,wr,10,10,64,42,572,13.6,8,32,55,4.2,57.2,65.60%,8.9,,,,0,,,,,42,13.6,572,8,0
128,Bryan Edwards,LVR,23,WR,16,12,59,34,571,16.8,3,26,51,2.1,35.7,57.60%,9.7,1,0,0,0,0,0,0,0.1,35,16.3,571,3,1
129,Byron Pringle,KAN,28,wr,17,5,60,42,568,13.5,5,32,40,2.5,33.4,70.00%,9.5,,,,0,,,,,42,13.5,568,5,2
130,Jared Cook,LAC,34,te,16,10,83,48,564,11.8,4,31,42,3,35.3,57.80%,6.8,,,,0,,,,,48,11.8,564,4,0
131,Tyler Higbee,LAR,28,TE,15,15,85,61,560,9.2,5,33,37,4.1,37.3,71.80%,6.6,,,,0,,,,,61,9.2,560,5,1
132,Kareem Hunt,CLE,26,rb,8,1,27,22,174,7.9,0,10,23,2.8,21.8,81.50%,6.4,78,386,5,22,33,4.9,48.3,9.8,100,5.6,560,5,0
133,Robby Anderson,CAR,28,WR,17,16,110,53,519,9.8,5,27,57,3.1,30.5,48.20%,4.7,3,36,0,1,30,12,2.1,0.2,56,9.9,555,5,0
134,Odell Beckham Jr.,2TM,29,,14,13,82,44,537,12.2,5,27,54,3.1,38.4,53.70%,6.5,2,14,0,1,10,7,1,0.1,46,12,551,5,0
135,Antonio Brown,TAM,33,,7,3,62,42,545,13,4,29,62,6,77.9,67.70%,8.8,1,6,0,0,6,6,0.9,0.1,43,12.8,551,4,0
136,Gabriel Davis,BUF,22,wr,16,4,63,35,549,15.7,6,29,49,2.2,34.3,55.60%,8.7,,,,0,,,,,35,15.7,549,6,0
137,Zay Jones,LVR,26,wr,17,9,70,47,546,11.6,1,29,43,2.8,32.1,67.10%,7.8,2,3,0,0,4,1.5,0.2,0.1,49,11.2,549,1,1
138,Kenyan Drake,LVR,27,rb,12,2,40,30,291,9.7,1,12,31,2.5,24.3,75.00%,7.3,63,254,2,15,21,4,21.2,5.3,93,5.9,545,3,1
139,Allen Lazard,GNB,26,WR,15,13,60,40,513,12.8,8,28,42,2.7,34.2,66.70%,8.6,3,32,0,2,14,10.7,2.1,0.2,43,12.7,545,8,0
140,Kenneth Gainwell,PHI,22,rb,16,1,50,33,253,7.7,1,14,19,2.1,15.8,66.00%,5.1,68,291,5,19,18,4.3,18.2,4.3,101,5.4,544,6,2
141,Justin Jackson,LAC,25,rb,14,2,25,22,178,8.1,0,8,25,1.6,12.7,88.00%,7.1,68,364,2,18,75,5.4,26,4.9,90,6,542,2,1
142,Zack Moss,BUF,24,,13,0,32,23,197,8.6,1,12,24,1.8,15.2,71.90%,6.2,96,345,4,22,17,3.6,26.5,7.4,119,4.6,542,5,2
143,Khalil Herbert,CHI,23,rb,17,2,16,14,96,6.9,0,6,20,0.8,5.6,87.50%,6,103,433,2,24,29,4.2,25.5,6.1,117,4.5,529,2,1
144,Kenny Golladay,NYG,28,WR,14,14,76,37,521,14.1,0,27,36,2.6,37.2,48.70%,6.9,,,,0,,,,,37,14.1,521,0,0
145,Rashod Bateman,BAL,22,wr,12,4,68,46,515,11.2,1,29,36,3.8,42.9,67.60%,7.6,,,,0,,,,,46,11.2,515,1,0
146,DeVante Parker,MIA,28,wr,10,8,73,40,515,12.9,2,29,42,4,51.5,54.80%,7.1,,,,0,,,,,40,12.9,515,2,0
147,Rondale Moore,ARI,21,wr,14,7,64,54,435,8.1,1,18,77,3.9,31.1,84.40%,6.8,18,76,0,2,26,4.2,5.4,1.3,72,7.1,511,1,3
148,Alex Collins,SEA,27,rb,11,6,10,9,87,9.7,0,3,28,0.8,7.9,90.00%,8.7,108,411,2,22,25,3.8,37.4,9.8,117,4.3,498,2,1
149,Gerald Everett,SEA,27,,15,12,63,48,478,10,4,26,41,3.2,31.9,76.20%,7.6,3,20,0,2,13,6.7,1.3,0.2,51,9.8,498,4,2
150,Pat Freiermuth,PIT,23,te,16,9,79,60,497,8.3,7,34,24,3.8,31.1,75.90%,6.3,,,,0,,,,,60,8.3,497,7,1
151,C.J. Uzomah,CIN,28,TE,16,16,63,49,493,10.1,5,24,55,3.1,30.8,77.80%,7.8,,,,0,,,,,49,10.1,493,5,0
152,Corey Davis,NYJ,26,wr,9,9,59,34,492,14.5,4,23,53,3.8,54.7,57.60%,8.3,,,,0,,,,,34,14.5,492,4,2
153,Ronald Jones II,TAM,24,rb,16,3,13,10,64,6.4,0,2,15,0.6,4,76.90%,4.9,101,428,4,25,30,4.2,26.8,6.3,111,4.4,492,4,2
154,Henry Ruggs III,LVR,22,,7,7,36,24,469,19.5,2,16,61,3.4,67,66.70%,13,3,16,0,0,7,5.3,2.3,0.4,27,18,485,2,0
155,Nelson Agholor,NWE,28,WR,15,13,64,37,473,12.8,3,23,44,2.5,31.5,57.80%,7.4,3,11,0,0,6,3.7,0.7,0.2,40,12.1,484,3,0
156,Jalen Guyton,LAC,24,wr,16,2,48,31,448,14.5,3,21,59,1.9,28,64.60%,9.3,7,34,0,2,21,4.9,2.1,0.4,38,12.7,482,3,1
157,David Njoku,CLE,25,TE,16,11,53,36,475,13.2,4,17,71,2.3,29.7,67.90%,9,1,1,0,0,1,1,0.1,0.1,37,12.9,476,4,0
158,Nick Westbrook-Ikhine,TEN,24,wr,16,7,57,38,476,12.5,4,23,46,2.4,29.8,66.70%,8.4,,,,0,,,,,38,12.5,476,4,1
159,Braxton Berrios+,NYJ,26,wr,16,1,65,46,431,9.4,2,21,46,2.9,26.9,70.80%,6.6,7,40,2,3,11,5.7,2.5,0.4,53,8.9,471,4,1
160,Jerry Jeudy,DEN,22,wr,10,5,56,38,467,12.3,0,22,40,3.8,46.7,67.90%,8.3,2,3,0,0,3,1.5,0.3,0.2,40,11.8,470,0,1
161,DeSean Jackson,2TM,35,,16,4,34,20,454,22.7,2,12,75,1.3,28.4,58.80%,13.4,1,4,0,0,4,4,0.3,0.1,21,21.8,458,2,1
162,Boston Scott,PHI,26,rb,16,4,16,13,83,6.4,0,3,19,0.8,5.2,81.30%,5.2,87,373,7,24,23,4.3,23.3,5.4,100,4.6,456,7,1
163,Ameer Abdullah,2TM,28,,17,1,53,38,289,7.6,1,13,23,2.2,17,71.70%,5.5,51,166,0,8,15,3.3,9.8,3,89,5.1,455,1,0
164,David Johnson,HOU,30,rb,13,4,42,32,225,7,1,11,16,2.5,17.3,76.20%,5.4,67,228,0,7,15,3.4,17.5,5.2,99,4.6,453,1,1
165,Keelan Cole,NYJ,28,WR,15,11,51,28,449,16,1,20,54,1.9,29.9,54.90%,8.8,,,,0,,,,,28,16,449,1,0
166,Jamison Crowder,NYJ,28,wr,12,4,71,51,447,8.8,2,24,29,4.3,37.3,71.80%,6.3,,,,0,,,,,51,8.8,447,2,1
167,Nico Collins,HOU,22,wr,14,8,60,33,446,13.5,1,22,32,2.4,31.9,55.00%,7.4,,,,0,,,,,33,13.5,446,1,0
168,Michael Gallup,DAL,25,wr,9,8,62,35,445,12.7,2,23,41,3.9,49.4,56.50%,7.2,,,,0,,,,,35,12.7,445,2,0
169,Samaje Perine,CIN,26,,16,0,31,27,196,7.3,1,9,23,1.7,12.3,87.10%,6.3,55,246,1,11,46,4.5,15.4,3.4,82,5.4,442,2,0
170,Dontrell Hilliard,TEN,26,rb,8,5,26,19,87,4.6,0,7,28,2.4,10.9,73.10%,3.3,56,350,2,15,68,6.3,43.8,7,75,5.8,437,2,2
171,Julio Jones,TEN,32,wr,10,10,48,31,434,14,1,19,51,3.1,43.4,64.60%,9,,,,0,,,,,31,14,434,1,0
172,Laquon Treadwell,JAX,26,wr,12,7,51,33,434,13.2,1,22,41,2.8,36.2,64.70%,8.5,,,,0,,,,,33,13.2,434,1,0
173,Kyler Murray*,ARI,24,QB,14,14,0,0,7,,0,0,0,0,0.5,0.00%,,88,423,5,25,57,4.8,30.2,6.3,88,4.9,430,5,13
174,Marquez Valdes-Scantling,GNB,27,wr,11,7,55,26,430,16.5,3,18,75,2.4,39.1,47.30%,7.8,,,,0,,,,,26,16.5,430,3,0
175,Taysom Hill,NOR,31,qb,12,9,6,4,52,13,0,4,15,0.3,4.3,66.70%,8.7,70,374,5,26,44,5.3,31.2,5.8,74,5.8,426,5,2
176,Kadarius Toney,NYG,22,wr,10,4,57,39,420,10.8,0,21,38,3.9,42,68.40%,7.4,3,6,0,0,7,2,0.6,0.3,42,10.1,426,0,0
177,Jordan Howard,PHI,27,,7,0,5,2,19,9.5,0,2,10,0.3,2.7,40.00%,3.8,86,406,3,24,25,4.7,58,12.3,88,4.8,425,3,0
178,Justin Fields,CHI,22,qb,12,10,0,0,0,,0,0,0,0,0,0.00%,,72,420,2,22,23,5.8,35,6,72,5.8,420,2,12
179,Allen Robinson,CHI,28,WR,12,11,66,38,410,10.8,1,22,39,3.2,34.2,57.60%,6.2,,,,0,,,,,38,10.8,410,1,0
180,Dan Arnold,2TM,26,,11,4,52,35,408,11.7,0,20,28,3.2,37.1,67.30%,7.8,,,,0,,,,,35,11.7,408,0,1
181,Olamide Zaccheaus,ATL,24,wr,17,8,53,31,406,13.1,3,22,49,1.8,23.9,58.50%,7.7,1,2,0,1,2,2,0.1,0.1,32,12.8,408,3,0
182,Tevin Coleman,NYJ,28,rb,11,5,16,11,49,4.5,0,2,11,1,4.5,68.80%,3.1,84,356,0,19,20,4.2,32.4,7.6,95,4.3,405,0,0
183,Evan Engram,NYG,27,TE,15,12,73,46,408,8.9,3,21,30,3.1,27.2,63.00%,5.6,1,-3,0,0,-3,-3,-0.2,0.1,47,8.6,405,3,1
184,Zach Pascal,IND,27,WR,16,13,69,38,384,10.1,3,16,41,2.4,24,55.10%,5.6,2,21,0,0,12,10.5,1.3,0.1,40,10.1,405,3,1
185,Jeremy McNichols,TEN,26,,14,0,38,28,240,8.6,1,11,27,2,17.1,73.70%,6.3,41,156,0,6,14,3.8,11.1,2.9,69,5.7,396,1,0
186,Josh Reynolds,2TM,26,,12,5,49,29,396,13.7,2,21,39,2.4,33,59.20%,8.1,,,,0,,,,,29,13.7,396,2,0
187,Sammy Watkins,BAL,28,wr,13,9,49,27,394,14.6,1,17,49,2.1,30.3,55.10%,8,,,,0,,,,,27,14.6,394,1,1
188,DeAndre Carter,WAS,28,wr,17,6,44,24,296,12.3,3,17,26,1.4,17.4,54.50%,6.7,10,89,0,4,27,8.9,5.2,0.6,34,11.3,385,3,3
189,Adam Humphries,WAS,28,WR,17,11,62,41,383,9.3,0,23,27,2.4,22.5,66.10%,6.2,,,,0,,,,,41,9.3,383,0,0
190,Patrick Mahomes*,KAN,26,QB,17,17,0,0,0,,0,0,0,0,0,0.00%,,66,381,2,25,32,5.8,22.4,3.9,66,5.8,381,2,9
191,Tre'Quan Smith,NOR,25,wr,11,6,50,32,377,11.8,3,18,34,2.9,34.3,64.00%,7.5,,,,0,,,,,32,11.8,377,3,1
192,Randall Cobb,GNB,31,wr,12,3,39,28,375,13.4,5,21,54,2.3,31.3,71.80%,9.6,1,1,0,0,1,1,0.1,0.1,29,13,376,5,1
193,Freddie Swain,SEA,23,wr,17,8,40,25,343,13.7,4,12,68,1.5,20.2,62.50%,8.6,5,32,0,2,11,6.4,1.9,0.3,30,12.5,375,4,1
194,Foster Moreau,LVR,24,TE,17,11,44,30,373,12.4,3,16,44,1.8,21.9,68.20%,8.5,,,,0,,,,,30,12.4,373,3,1
195,Duke Johnson,MIA,28,rb,5,4,5,4,41,10.3,0,3,20,0.8,8.2,80.00%,8.2,71,330,3,18,27,4.6,66,14.2,75,4.9,371,3,0
196,Derrick Gore,KAN,27,,11,0,9,8,105,13.1,0,3,50,0.7,9.5,88.90%,11.7,51,256,2,12,51,5,23.3,4.6,59,6.1,361,2,0
197,Tyler Johnson,TAM,23,wr,17,3,55,36,360,10,0,14,31,2.1,21.2,65.50%,6.5,,,,0,,,,,36,10,360,0,0
198,Durham Smythe,MIA,26,TE,17,12,41,34,357,10.5,0,15,25,2,21,82.90%,8.7,2,3,0,2,2,1.5,0.2,0.1,36,10,360,0,0
199,Josh Palmer,LAC,23,wr,17,5,49,33,353,10.7,4,18,36,1.9,20.8,67.30%,7.2,1,6,0,0,6,6,0.4,0.1,34,10.6,359,4,0
200,Sterling Shepard,NYG,28,wr,7,6,53,36,366,10.2,1,19,37,5.1,52.3,67.90%,6.9,1,-9,0,0,-9,-9,-1.3,0.1,37,9.6,357,1,0
201,Austin Hooper,CLE,27,TE,16,16,61,38,345,9.1,3,18,34,2.4,21.6,62.30%,5.7,,,,0,,,,,38,9.1,345,3,0
202,Jamal Agnew,JAX,26,wr,10,2,39,24,229,9.5,1,14,29,2.4,22.9,61.50%,5.9,7,111,1,3,66,15.9,11.1,0.7,31,11,340,2,1
203,Jaret Patterson,WAS,22,rb,17,1,11,10,73,7.3,0,5,12,0.6,4.3,90.90%,6.6,68,266,2,15,13,3.9,15.6,4,78,4.3,339,2,1
204,Travis Homer,SEA,23,,14,0,20,16,161,10.1,0,8,31,1.1,11.5,80.00%,8.1,21,177,1,7,73,8.4,12.6,1.5,37,9.1,338,1,0
205,Trevor Lawrence,JAX,22,QB,17,17,0,0,0,,0,0,0,0,0,0.00%,,73,334,2,22,26,4.6,19.6,4.3,73,4.6,334,2,9
206,Jonnu Smith,NWE,26,TE,16,11,45,28,294,10.5,1,15,28,1.8,18.4,62.20%,6.5,9,40,0,2,9,4.4,2.5,0.6,37,9,334,1,1
207,T.Y. Hilton,IND,32,wr,10,9,37,23,331,14.4,3,15,52,2.3,33.1,62.20%,8.9,,,,0,,,,,23,14.4,331,3,0
208,Jalen Reagor,PHI,22,WR,17,13,57,33,299,9.1,2,13,34,1.9,17.6,57.90%,5.2,10,32,0,3,12,3.2,1.9,0.6,43,7.7,331,2,2
209,Albert Okwuegbunam,DEN,23,te,14,6,40,33,330,10,2,15,64,2.4,23.6,82.50%,8.3,,,,0,,,,,33,10,330,2,1
210,Damiere Byrd,CHI,28,wr,17,4,38,26,329,12.7,1,18,54,1.5,19.4,68.40%,8.7,,,,0,,,,,26,12.7,329,1,1
211,Chris Conley,HOU,29,wr,16,10,37,22,323,14.7,2,15,41,1.4,20.2,59.50%,8.7,1,3,0,1,3,3,0.2,0.1,23,14.2,326,2,1
212,Darius Slayton,NYG,24,wr,13,5,58,26,339,13,2,14,42,2,26.1,44.80%,5.8,1,-13,0,0,-13,-13,-1,0.1,27,12.1,326,2,1
213,Jeff Wilson,SFO,26,rb,9,4,8,7,31,4.4,0,1,11,0.8,3.4,87.50%,3.9,79,294,2,19,17,3.7,32.7,8.8,86,3.8,325,2,1
214,Devin Duvernay*+,BAL,24,wr,16,7,47,33,272,8.2,2,14,21,2.1,17,70.20%,5.8,7,50,0,4,19,7.1,3.1,0.4,40,8.1,322,2,1
215,Carlos Hyde,JAX,31,,12,2,21,12,65,5.4,0,1,9,1,5.4,57.10%,3.1,72,253,1,14,18,3.5,21.1,6,84,3.8,318,1,2
216,Kyle Juszczyk*,SFO,30,FB,17,16,38,30,296,9.9,1,16,26,1.8,17.4,78.90%,7.8,8,22,1,3,6,2.8,1.3,0.5,38,8.4,318,2,0
217,Mo Alie-Cox,IND,28,te,17,7,45,24,316,13.2,4,14,37,1.4,18.6,53.30%,7,,,,0,,,,,24,13.2,316,4,1
218,Daniel Jones,NYG,24,QB,11,11,1,1,16,16,0,1,16,0.1,1.5,100.00%,16,62,298,2,16,46,4.8,27.1,5.6,63,5,314,2,7
219,Marquise Goodwin,CHI,31,wr,14,2,40,20,313,15.7,1,12,50,1.4,22.4,50.00%,7.8,2,-1,0,0,1,-0.5,-0.1,0.1,22,14.2,312,1,1
220,Taylor Heinicke,WAS,28,QB,16,15,1,1,-2,-2,0,0,-2,0.1,-0.1,100.00%,-2,60,313,1,20,38,5.2,19.6,3.8,61,5.1,311,1,7
221,Chester Rogers,TEN,27,wr,16,2,43,30,301,10,1,12,39,1.9,18.8,69.80%,7,1,9,0,0,9,9,0.6,0.1,31,10,310,1,4
222,Jack Doyle,IND,31,,17,14,43,29,302,10.4,3,18,34,1.7,17.8,67.40%,7,,,,0,,,,,29,10.4,302,3,0
223,Justin Herbert*,LAC,23,QB,17,17,0,0,0,,0,0,0,0,0,0.00%,,63,302,3,28,36,4.8,17.8,3.7,63,4.8,302,3,1
224,James Washington,PIT,25,wr,15,2,44,24,285,11.9,2,9,42,1.6,19,54.50%,6.5,2,13,0,0,12,6.5,0.9,0.1,26,11.5,298,2,0
225,Tyler Huntley,BAL,23,qb,7,4,0,0,0,,0,0,0,0,0,0.00%,,47,294,2,22,21,6.3,42,6.7,47,6.3,294,2,4
226,Phillip Lindsay,2TM,27,,14,1,5,4,45,11.3,1,1,22,0.3,3.2,80.00%,9,88,249,1,11,35,2.8,17.8,6.3,92,3.2,294,2,0
227,Ray-Ray McCloud,PIT,25,wr,16,5,66,39,277,7.1,0,18,24,2.4,17.3,59.10%,4.2,2,15,0,0,10,7.5,0.9,0.1,41,7.1,292,0,4
228,Anthony Firkser,TEN,26,te,15,1,43,34,291,8.6,2,15,24,2.3,19.4,79.10%,6.8,,,,0,,,,,34,8.6,291,2,2
229,Jauan Jennings,SFO,24,wr,16,1,38,24,282,11.8,5,15,34,1.5,17.6,63.20%,7.4,,,,0,,,,,24,11.8,282,5,1
230,Craig Reynolds,DET,25,,5,2,8,7,52,7.4,0,3,14,1.4,10.4,87.50%,6.5,55,230,0,11,35,4.2,46,11,62,4.5,282,0,0
231,Calvin Ridley,ATL,27,wr,5,5,52,31,281,9.1,2,16,22,6.2,56.2,59.60%,5.4,,,,0,,,,,31,9.1,281,2,0
232,Peyton Barber,LVR,27,rb,10,1,13,10,67,6.7,0,3,23,1,6.7,76.90%,5.2,55,212,2,12,27,3.9,21.2,5.5,65,4.3,279,2,2
233,Rashard Higgins,CLE,27,wr,15,4,47,24,275,11.5,1,16,21,1.6,18.3,51.10%,5.9,,,,0,,,,,24,11.5,275,1,0
234,DeeJay Dallas,SEA,23,,17,0,23,21,133,6.3,0,4,29,1.2,7.8,91.30%,5.8,33,138,2,10,15,4.2,8.1,1.9,54,5,271,2,1
235,Ricky Seals-Jones,WAS,26,te,13,6,49,30,271,9,2,14,39,2.3,20.8,61.20%,5.5,,,,0,,,,,30,9,271,2,0
236,Ryan Tannehill,TEN,33,QB,17,17,0,0,0,,0,0,0,0,0,0.00%,,55,270,7,33,28,4.9,15.9,3.2,55,4.9,270,7,10
237,Ty'Son Williams,BAL,25,rb,13,3,12,9,84,9.3,0,4,21,0.7,6.5,75.00%,7,35,185,1,7,35,5.3,14.2,2.7,44,6.1,269,1,1
238,Damien Williams,CHI,29,rb,12,2,23,16,103,6.4,1,3,23,1.3,8.6,69.60%,4.5,40,164,2,11,23,4.1,13.7,3.3,56,4.8,267,3,0
239,Salvon Ahmed,MIA,23,,12,0,19,12,117,9.8,0,4,18,1,9.8,63.20%,6.2,54,149,0,8,16,2.8,12.4,4.5,66,4,266,0,0
240,Demarcus Robinson,KAN,27,wr,17,10,41,25,264,10.6,3,13,33,1.5,15.5,61.00%,6.4,,,,0,,,,,25,10.6,264,3,0
241,Adam Trautman,NOR,24,te,13,10,43,27,263,9.7,2,13,32,2.1,20.2,62.80%,6.1,,,,0,,,,,27,9.7,263,2,1
242,Chris Carson,SEA,27,rb,4,4,6,6,29,4.8,0,1,16,1.5,7.3,100.00%,4.8,54,232,3,11,33,4.3,58,13.5,60,4.4,261,3,1
243,Ryan Griffin,NYJ,31,TE,14,12,42,27,261,9.7,2,14,29,1.9,18.6,64.30%,6.2,,,,0,,,,,27,9.7,261,2,1
244,Kyle Rudolph,NYG,32,,16,13,39,26,257,9.9,1,12,60,1.6,16.1,66.70%,6.6,,,,0,,,,,26,9.9,257,1,0
245,Dare Ogunbowale,JAX,27,rb,17,2,21,13,114,8.8,1,3,28,0.8,6.7,61.90%,5.4,43,137,1,5,12,3.2,8.1,2.5,56,4.5,251,2,0
246,Brandon Zylstra,CAR,28,wr,13,3,25,18,250,13.9,1,10,55,1.4,19.2,72.00%,10,,,,0,,,,,18,13.9,250,1,0
247,John Bates,WAS,24,te,17,8,25,20,249,12.5,1,11,32,1.2,14.6,80.00%,10,,,,0,,,,,20,12.5,249,1,1
248,Lil'Jordan Humphrey,NOR,23,wr,10,4,18,13,249,19.2,2,9,56,1.3,24.9,72.20%,13.8,,,,0,,,,,13,19.2,249,2,0
249,Danny Amendola,HOU,36,,8,0,38,24,248,10.3,3,10,39,3,31,63.20%,6.5,,,,0,,,,,24,10.3,248,3,1
250,Royce Freeman,2TM,25,,15,0,16,10,77,7.7,0,4,12,0.7,5.1,62.50%,4.8,56,169,0,8,13,3,11.3,3.7,66,3.7,246,0,0
251,Cameron Brate,TAM,30,te,17,3,57,30,245,8.2,4,15,18,1.8,14.4,52.60%,4.3,,,,0,,,,,30,8.2,245,4,0
252,Josiah Deguara,GNB,24,te,16,2,33,25,245,9.8,2,9,62,1.6,15.3,75.80%,7.4,,,,0,,,,,25,9.8,245,2,0
253,James O'Shaughnessy,JAX,29,te,7,6,34,24,244,10.2,0,10,30,3.4,34.9,70.60%,7.2,,,,0,,,,,24,10.2,244,0,0
254,John Ross,NYG,26,wr,10,1,20,11,224,20.4,1,8,51,1.1,22.4,55.00%,11.2,1,16,0,1,16,16,1.6,0.1,12,20,240,1,1
255,Tavon Austin,JAX,31,wr,13,3,37,24,213,8.9,1,11,25,1.8,16.4,64.90%,5.8,3,21,0,1,8,7,1.6,0.2,27,8.7,234,1,1
256,Harrison Bryant,CLE,23,te,16,3,28,21,233,11.1,3,14,41,1.3,14.6,75.00%,8.3,,,,0,,,,,21,11.1,233,3,0
257,Will Dissly,SEA,25,TE,15,14,26,21,231,11,1,11,39,1.4,15.4,80.80%,8.9,,,,0,,,,,21,11,231,1,1
258,Cam Newton,CAR,32,qb,8,5,0,0,0,,0,0,0,0,0,0.00%,,47,230,5,20,33,4.9,28.8,5.9,47,4.9,230,5,4
259,Tajae Sharpe,ATL,27,wr,15,7,37,25,230,9.2,0,14,17,1.7,15.3,67.60%,6.2,,,,0,,,,,25,9.2,230,0,0
260,Albert Wilson,MIA,29,wr,14,5,39,25,213,8.5,0,10,64,1.8,15.2,64.10%,5.5,4,17,0,1,14,4.3,1.2,0.3,29,7.9,230,0,0
261,Chris Evans,CIN,24,rb,14,1,17,15,151,10.1,2,6,24,1.1,10.8,88.20%,8.9,17,77,0,3,13,4.5,5.5,1.2,32,7.1,228,2,0
262,Chris Moore,HOU,28,wr,12,1,22,21,227,10.8,2,6,67,1.8,18.9,95.50%,10.3,,,,0,,,,,21,10.8,227,2,0
263,Cyril Grayson,TAM,28,wr,5,3,12,10,212,21.2,2,8,62,2,42.4,83.30%,17.7,1,14,0,1,14,14,2.8,0.2,11,20.5,226,2,0
264,Jamycal Hasty,SFO,25,,11,0,29,23,157,6.8,0,7,23,2.1,14.3,79.30%,5.4,16,68,1,6,21,4.3,6.2,1.5,39,5.8,225,1,2
265,Isaiah McKenzie,BUF,26,wr,15,2,26,20,178,8.9,1,13,28,1.3,11.9,76.90%,6.8,9,47,1,4,10,5.2,3.1,0.6,29,7.8,225,2,2
266,Mack Hollins,MIA,28,wr,17,3,28,14,223,15.9,4,11,65,0.8,13.1,50.00%,8,,,,0,,,,,14,15.9,223,4,0
267,Sam Darnold,CAR,24,QB,12,11,0,0,0,,0,0,0,0,0,0.00%,,48,222,5,20,30,4.6,18.5,4,48,4.6,222,5,9
268,Hayden Hurst,ATL,28,te,13,5,31,26,221,8.5,3,11,33,2,17,83.90%,7.1,,,,0,,,,,26,8.5,221,3,3
269,Cam Sims,WAS,25,wr,14,3,23,15,211,14.1,2,11,43,1.1,15.1,65.20%,9.2,1,7,0,0,7,7,0.5,0.1,16,13.6,218,2,0
270,Jordan Akins,HOU,29,te,13,3,33,24,214,8.9,0,11,31,1.8,16.5,72.70%,6.5,1,3,0,1,3,3,0.2,0.1,25,8.7,217,0,2
271,Carson Wentz,IND,29,QB,17,17,0,0,0,,0,0,0,0,0,0.00%,,57,215,1,21,18,3.8,12.6,3.4,57,3.8,215,1,8
272,Marcedes Lewis,GNB,37,TE,17,17,28,23,214,9.3,0,10,23,1.4,12.6,82.10%,7.6,,,,0,,,,,23,9.3,214,0,1
273,Geoff Swaim,TEN,28,TE,16,16,40,31,210,6.8,3,12,26,1.9,13.1,77.50%,5.3,,,,0,,,,,31,6.8,210,3,0
274,Antoine Wesley,ARI,24,wr,15,4,32,19,208,10.9,3,9,33,1.3,13.9,59.40%,6.5,,,,0,,,,,19,10.9,208,3,0
275,Ke'Shawn Vaughn,TAM,24,rb,12,1,8,4,26,6.5,0,1,8,0.3,2.2,50.00%,3.3,36,180,2,9,55,5,15,3,40,5.2,206,2,0
276,Ashton Dulin,IND,24,wr,17,1,22,13,173,13.3,2,9,62,0.8,10.2,59.10%,7.9,3,32,0,1,37,10.7,1.9,0.2,16,12.8,205,2,0
277,Demetric Felton,CLE,23,rb,16,2,21,18,181,10.1,2,10,33,1.1,11.3,85.70%,8.6,7,24,0,0,12,3.4,1.5,0.4,25,8.2,205,2,4
278,Quintez Cephus,DET,23,wr,5,3,22,15,204,13.6,2,9,46,3,40.8,68.20%,9.3,,,,0,,,,,15,13.6,204,2,0
279,Robert Tonyan,GNB,27,te,8,5,29,18,204,11.3,2,10,33,2.3,25.5,62.10%,7,,,,0,,,,,18,11.3,204,2,0
280,James Proche,BAL,25,,14,0,20,16,202,12.6,0,10,32,1.1,14.4,80.00%,10.1,,,,0,,,,,16,12.6,202,0,0
281,Matt Breida,BUF,26,,9,0,9,7,72,10.3,2,4,23,0.8,8,77.80%,8,26,125,1,5,28,4.8,13.9,2.9,33,6,197,3,1
282,Logan Thomas,WAS,30,te,6,6,25,18,196,10.9,3,10,35,3,32.7,72.00%,7.8,,,,0,,,,,18,10.9,196,3,1
283,Trey Sermon,SFO,22,rb,9,2,4,3,26,8.7,0,1,23,0.3,2.9,75.00%,6.5,41,167,1,9,16,4.1,18.6,4.6,44,4.4,193,1,0
284,Maxx Williams,ARI,27,te,5,5,17,16,193,12.1,1,9,34,3.2,38.6,94.10%,11.4,,,,0,,,,,16,12.1,193,1,0
285,Tommy Tremble,CAR,21,TE,16,11,35,20,180,9,1,10,30,1.3,11.3,57.10%,5.1,3,11,1,1,7,3.7,0.7,0.2,23,8.3,191,2,0
286,Donald Parham,LAC,24,te,14,9,27,20,190,9.5,3,13,22,1.4,13.6,74.10%,7,,,,0,,,,,20,9.5,190,3,0
287,Ian Thomas,CAR,25,TE,17,13,30,18,188,10.4,0,6,41,1.1,11.1,60.00%,6.3,,,,0,,,,,18,10.4,188,0,0
288,Zach Wilson,NYJ,22,QB,13,13,1,0,0,,0,0,0,0,0,0.00%,0,29,185,4,10,52,6.4,14.2,2.2,29,6.4,185,4,5
289,Noah Brown,DAL,25,wr,13,1,25,16,184,11.5,0,6,27,1.2,14.2,64.00%,7.4,,,,0,,,,,16,11.5,184,0,0
290,N'Keal Harry,NWE,24,wr,12,4,22,12,184,15.3,0,7,43,1,15.3,54.50%,8.4,,,,0,,,,,12,15.3,184,0,1
291,Russell Wilson*,SEA,33,QB,14,14,0,0,0,,0,0,0,0,0,0.00%,,43,183,2,17,17,4.3,13.1,3.1,43,4.3,183,2,6
292,Giovani Bernard,TAM,30,,12,0,29,23,123,5.3,3,8,32,1.9,10.3,79.30%,4.2,8,58,0,3,24,7.3,4.8,0.7,31,5.8,181,3,1
293,Godwin Igwebuike,DET,27,rb,17,1,10,7,60,8.6,0,4,18,0.4,3.5,70.00%,6,18,118,1,7,42,6.6,6.9,1.1,25,7.1,178,1,2
294,Brevin Jordan,HOU,21,te,9,2,28,20,178,8.9,3,10,27,2.2,19.8,71.40%,6.4,,,,0,,,,,20,8.9,178,3,0
295,Mohamed Sanu,SFO,32,,8,0,24,15,177,11.8,0,12,21,1.9,22.1,62.50%,7.4,,,,0,,,,,15,11.8,177,0,0
296,Kendall Hinton,DEN,24,wr,16,1,23,15,175,11.7,1,10,40,0.9,10.9,65.20%,7.6,,,,0,,,,,15,11.7,175,1,0
297,Anthony Schwartz,CLE,21,wr,14,2,23,10,135,13.5,1,6,44,0.7,9.6,43.50%,5.9,6,39,0,4,17,6.5,2.8,0.4,16,10.9,174,1,0
298,Tyler Kroft,NYJ,29,te,9,6,25,16,173,10.8,1,9,26,1.8,19.2,64.00%,6.9,,,,0,,,,,16,10.8,173,1,0
299,Pharaoh Brown,HOU,27,TE,15,12,34,23,171,7.4,0,6,29,1.5,11.4,67.60%,5,,,,0,,,,,23,7.4,171,0,1
300,Tony Jones,NOR,24,rb,11,4,8,5,29,5.8,0,2,19,0.5,2.6,62.50%,3.6,54,142,0,7,11,2.6,12.9,4.9,59,2.9,171,0,0
301,Corey Clement,DAL,27,,17,0,7,6,29,4.8,1,1,8,0.4,1.7,85.70%,4.1,33,140,0,7,38,4.2,8.2,1.9,39,4.3,169,1,0
302,Jerick McKinnon,KAN,29,,13,0,20,13,107,8.2,1,6,14,1,8.2,65.00%,5.4,12,62,0,2,18,5.2,4.8,0.9,25,6.8,169,1,0
303,Trey Lance,SFO,21,qb,6,2,0,0,0,,0,0,0,0,0,0.00%,,38,168,1,8,15,4.4,28,6.3,38,4.4,168,1,0
304,Zach Gentry,PIT,25,TE,17,12,25,19,167,8.8,0,11,25,1.1,9.8,76.00%,6.7,,,,0,,,,,19,8.8,167,0,0
305,Jimmy Graham,CHI,35,te,15,6,23,14,167,11.9,3,10,28,0.9,11.1,60.90%,7.3,,,,0,,,,,14,11.9,167,3,0
306,Jameis Winston,NOR,27,qb,7,7,0,0,0,,0,0,0,0,0,0.00%,,32,166,1,17,20,5.2,23.7,4.6,32,5.2,166,1,2
307,Stephen Anderson,LAC,28,te,17,4,19,16,165,10.3,1,9,34,0.9,9.7,84.20%,8.7,,,,0,,,,,16,10.3,165,1,0
308,Jakeem Grant*,2TM,29,,15,0,17,11,132,12,2,7,46,0.7,8.8,64.70%,7.8,5,33,0,2,13,6.6,2.2,0.3,16,10.3,165,2,3
309,Breshad Perriman,TAM,28,,6,0,18,11,167,15.2,1,5,58,1.8,27.8,61.10%,9.3,1,-3,0,0,-3,-3,-0.5,0.2,12,13.7,164,1,0
310,Parris Campbell,IND,24,wr,6,3,20,10,162,16.2,1,7,51,1.7,27,50.00%,8.1,,,,0,,,,,10,16.2,162,1,0
311,Dyami Brown,WAS,22,wr,15,6,25,12,165,13.8,0,6,48,0.8,11,48.00%,6.6,1,-4,0,0,-4,-4,-0.3,0.1,13,12.4,161,0,0
312,Isaiah Ford,MIA,25,wr,13,2,17,12,161,13.4,2,7,52,0.9,12.4,70.60%,9.5,,,,0,,,,,12,13.4,161,2,0
313,Eno Benjamin,ARI,22,,9,0,7,6,42,7,0,4,12,0.7,4.7,85.70%,6,34,118,1,4,21,3.5,13.1,3.8,40,4,160,1,0
314,C.J. Ham,MIN,28,fb,17,8,18,17,125,7.4,0,6,27,1,7.4,94.40%,6.9,7,34,0,3,30,4.9,2,0.4,24,6.6,159,0,0
315,Juwan Johnson,NOR,25,te,14,2,22,13,159,12.2,4,12,27,0.9,11.4,59.10%,7.2,,,,0,,,,,13,12.2,159,4,0
316,Marcus Johnson,TEN,27,wr,7,3,19,9,160,17.8,0,7,50,1.3,22.9,47.40%,8.4,2,-2,0,1,5,-1,-0.3,0.3,11,14.4,158,0,0
317,KhaDarel Hodge,DET,26,wr,16,1,27,13,157,12.1,0,7,42,0.8,9.8,48.10%,5.8,,,,0,,,,,13,12.1,157,0,0
318,DJ Chark,JAX,25,wr,4,4,22,7,154,22,2,7,41,1.8,38.5,31.80%,7,,,,0,,,,,7,22,154,2,0
319,Tyrod Taylor,HOU,32,qb,6,6,0,0,0,,0,0,0,0,0,0.00%,,19,151,3,6,30,7.9,25.2,3.2,19,7.9,151,3,3
320,Malik Turner,DAL,25,,14,0,16,12,149,12.4,3,8,61,0.9,10.6,75.00%,9.3,,,,0,,,,,12,12.4,149,3,0
321,Dak Prescott,DAL,28,QB,16,16,0,0,0,,0,0,0,0,0,0.00%,,48,146,1,7,21,3,9.1,3,48,3,146,1,14
322,Baker Mayfield,CLE,26,QB,14,14,0,0,11,,0,0,0,0,0.8,0.00%,,37,134,1,12,14,3.6,9.6,2.6,37,3.9,145,1,6
323,MyCole Pruitt,TEN,29,te,16,9,18,14,145,10.4,3,10,22,0.9,9.1,77.80%,8.1,,,,0,,,,,14,10.4,145,3,0
324,Joshua Kelley,LAC,24,,10,0,6,5,38,7.6,0,1,17,0.5,3.8,83.30%,6.3,33,102,0,5,14,3.1,10.2,3.3,38,3.7,140,0,1
325,Ty Montgomery,NOR,28,wr,14,3,26,16,95,5.9,0,5,21,1.1,6.8,61.50%,3.7,15,44,0,2,9,2.9,3.1,1.1,31,4.5,139,0,0
326,Terrace Marshall Jr.,CAR,21,wr,13,3,30,17,138,8.1,0,7,23,1.3,10.6,56.70%,4.6,,,,0,,,,,17,8.1,138,0,0
327,JuJu Smith-Schuster,PIT,25,,5,5,28,15,129,8.6,0,6,24,3,25.8,53.60%,4.6,3,9,1,1,3,3,1.8,0.6,18,7.7,138,1,0
328,Malcolm Brown,MIA,28,rb,7,3,5,3,10,3.3,0,0,7,0.4,1.4,60.00%,2,33,125,1,6,24,3.8,17.9,4.7,36,3.8,135,1,0
329,O.J. Howard,TAM,27,te,17,9,21,14,135,9.6,1,10,21,0.8,7.9,66.70%,6.4,,,,0,,,,,14,9.6,135,1,0
330,Denzel Mims,NYJ,24,wr,11,3,23,8,133,16.6,0,5,40,0.7,12.1,34.80%,5.8,,,,0,,,,,8,16.6,133,0,0
331,Ben Skowronek,LAR,24,wr,14,1,20,11,133,12.1,0,7,35,0.8,9.5,55.00%,6.7,,,,0,,,,,11,12.1,133,0,0
332,Nick Vannett,NOR,28,te,7,2,15,9,133,14.8,1,7,30,1.3,19,60.00%,8.9,,,,0,,,,,9,14.8,133,1,0
333,James White,NWE,29,,3,0,14,12,94,7.8,0,5,28,4,31.3,85.70%,6.7,10,38,1,4,10,3.8,12.7,3.3,22,6,132,1,0
334,Le'Veon Bell,2TM,29,,8,0,7,5,30,6,1,3,15,0.6,3.8,71.40%,4.3,39,101,2,9,12,2.6,12.6,4.9,44,3,131,3,0
335,Mac Jones*,NWE,23,QB,17,17,0,0,0,,0,0,0,0,0,0.00%,,44,129,0,22,13,2.9,7.6,2.6,44,2.9,129,0,7
336,Elijhaa Penny,NYG,28,rb,17,3,13,9,30,3.3,1,4,16,0.5,1.8,69.20%,2.3,24,99,1,9,12,4.1,5.8,1.4,33,3.9,129,2,0
337,Tua Tagovailoa,MIA,23,QB,13,12,0,0,0,,0,0,0,0,0,0.00%,,42,128,3,13,23,3,9.8,3.2,42,3,128,3,9
338,Wayne Gallman,2TM,27,,8,0,3,1,21,21,0,1,21,0.1,2.6,33.30%,7,28,104,0,5,17,3.7,13,3.5,29,4.3,125,0,0
339,D'Wayne Eskridge,SEA,24,,10,0,20,10,64,6.4,1,4,17,1,6.4,50.00%,3.2,4,59,0,2,30,14.8,5.9,0.4,14,8.8,123,1,0
340,Joe Burrow,CIN,25,QB,16,16,0,0,0,,0,0,0,0,0,0.00%,,40,118,2,14,12,3,7.4,2.5,40,3,118,2,5
341,Qadree Ollison,ATL,25,,8,0,6,4,12,3,0,1,8,0.5,1.5,66.70%,2,21,105,1,7,19,5,13.1,2.6,25,4.7,117,1,1
342,Brock Wright,DET,23,te,10,5,17,12,117,9.8,2,6,36,1.2,11.7,70.60%,6.9,,,,0,,,,,12,9.8,117,2,0
343,Ihmir Smith-Marsette,MIN,22,wr,8,1,6,5,116,23.2,2,4,44,0.6,14.5,83.30%,19.3,,,,0,,,,,5,23.2,116,2,0
344,Kirk Cousins*,MIN,33,QB,16,16,0,0,0,,0,0,0,0,0,0.00%,,29,115,1,8,29,4,7.2,1.8,29,4,115,1,12
345,Jalen Richard,LVR,28,,10,0,14,12,72,6,0,4,19,1.2,7.2,85.70%,5.1,9,40,0,3,23,4.4,4,0.9,21,5.3,112,0,0
346,Jeff Smith,NYJ,24,wr,12,3,17,8,113,14.1,0,6,35,0.7,9.4,47.10%,6.6,1,-1,0,0,-1,-1,-0.1,0.1,9,12.4,112,0,0
347,Equanimeous St. Brown,GNB,25,wr,13,2,17,9,98,10.9,0,6,26,0.7,7.5,52.90%,5.8,3,14,0,2,13,4.7,1.1,0.2,12,9.3,112,0,0
348,Benny Snell Jr.,PIT,23,,17,0,4,2,13,6.5,0,0,7,0.1,0.8,50.00%,3.3,36,98,0,3,9,2.7,5.8,2.1,38,2.9,111,0,0
349,Phillip Dorsett,3TM,28,,6,0,14,7,110,15.7,0,3,36,1.2,18.3,50.00%,7.9,1,0,0,0,0,0,0,0.2,8,13.8,110,0,0
350,Adam Shaheen,MIA,27,te,12,7,16,12,110,9.2,0,5,21,1,9.2,75.00%,6.9,,,,0,,,,,12,9.2,110,0,0
351,Austin Walter,NYJ,25,,4,0,3,2,9,4.5,0,1,11,0.5,2.3,66.70%,3,26,101,1,5,14,3.9,25.3,6.5,28,3.9,110,1,0
352,Marlon Mack,IND,25,,6,0,5,2,8,4,0,0,7,0.3,1.3,40.00%,1.6,28,101,0,6,22,3.6,16.8,4.7,30,3.6,109,0,0
353,Derek Carr,LVR,30,QB,17,17,0,0,0,,0,0,0,0,0,0.00%,,40,108,0,9,22,2.7,6.4,2.4,40,2.7,108,0,13
354,Jonathan Williams,WAS,27,,5,0,6,4,28,7,0,2,19,0.8,5.6,66.70%,4.7,17,79,1,7,23,4.6,15.8,3.4,21,5.1,107,1,0
355,Teddy Bridgewater,DEN,29,QB,14,14,0,0,0,,0,0,0,0,0,0.00%,,30,106,2,16,13,3.5,7.6,2.1,30,3.5,106,2,1
356,Kylen Granson,IND,23,,17,0,15,11,106,9.6,0,4,27,0.6,6.2,73.30%,7.1,,,,0,,,,,11,9.6,106,0,0
357,Adrian Peterson,2TM,36,,4,3,4,4,8,2,0,0,5,1,2,100.00%,2,38,98,2,6,16,2.6,24.5,9.5,42,2.5,106,2,1
358,Collin Johnson,NYG,24,wr,12,1,21,11,105,9.5,0,6,16,0.9,8.8,52.40%,5,,,,0,,,,,11,9.5,105,0,0
359,Trinity Benson,DET,24,wr,8,2,22,10,103,10.3,0,4,24,1.3,12.9,45.50%,4.7,,,,0,,,,,10,10.3,103,0,0
360,Shi Smith,CAR,23,,6,0,11,6,104,17.3,0,3,63,1,17.3,54.50%,9.5,1,-3,0,0,-3,-3,-0.5,0.2,7,14.4,101,0,0
361,Blake Bell,KAN,30,te,16,5,13,9,87,9.7,0,4,24,0.6,5.4,69.20%,6.7,4,10,0,4,3,2.5,0.6,0.3,13,7.5,97,0,0
362,Jermar Jefferson,DET,21,,7,0,5,4,23,5.8,0,2,11,0.6,3.3,80.00%,4.6,15,74,2,4,28,4.9,10.6,2.1,19,5.1,97,2,0
363,Aaron Rodgers*+,GNB,38,QB,16,16,1,1,-4,-4,0,0,-4,0.1,-0.3,100.00%,-4,33,101,3,10,18,3.1,6.3,2.1,34,2.9,97,3,3
364,Ryquell Armstead,JAX,25,,2,0,4,3,16,5.3,0,1,9,1.5,8,75.00%,4,15,80,0,3,26,5.3,40,7.5,18,5.3,96,0,0
365,Blake Jarwin,DAL,27,,8,5,17,11,96,8.7,2,5,20,1.4,12,64.70%,5.6,,,,0,,,,,11,8.7,96,2,0
366,Greg Ward,PHI,26,,17,0,11,7,95,13.6,3,4,27,0.4,5.6,63.60%,8.6,,,,0,,,,,7,13.6,95,3,0
367,Patrick Taylor,GNB,23,,9,0,2,2,3,1.5,0,1,3,0.2,0.3,100.00%,1.5,23,89,1,5,12,3.9,9.9,2.6,25,3.7,92,1,0
368,Jared Goff,DET,27,QB,14,14,0,0,0,,0,0,0,0,0,0.00%,,17,87,0,4,26,5.1,6.2,1.2,17,5.1,87,0,9
369,Marcus Mariota,LVR,28,,10,0,0,0,0,,0,0,0,0,0,0.00%,,13,87,1,6,31,6.7,8.7,1.3,13,6.7,87,1,1
370,Dante Pettis,NYG,26,,3,0,16,10,87,8.7,1,5,27,3.3,29,62.50%,5.4,,,,0,,,,,10,8.7,87,1,1
371,Trent Sherfield,SFO,25,wr,17,1,20,9,87,9.7,1,7,18,0.5,5.1,45.00%,4.4,,,,0,,,,,9,9.7,87,1,0
372,Keith Smith,ATL,29,fb,17,8,10,9,56,6.2,0,3,11,0.5,3.3,90.00%,5.6,9,31,0,3,8,3.4,1.8,0.5,18,4.8,87,0,0
373,Alec Ingold,LVR,25,fb,9,3,12,10,85,8.5,1,4,29,1.1,9.4,83.30%,7.1,2,1,0,1,1,0.5,0.1,0.2,12,7.2,86,1,0
374,Larry Rountree,LAC,22,,12,0,2,1,-1,-1,0,0,0,0.1,-0.1,50.00%,-0.5,36,87,1,5,13,2.4,7.3,3,37,2.3,86,1,0
375,Eric Ebron,PIT,28,,8,3,18,12,84,7,1,6,19,1.5,10.5,66.70%,4.7,1,1,1,1,1,1,0.1,0.1,13,6.5,85,2,0
376,Dax Milne,WAS,22,wr,13,1,14,9,83,9.2,0,4,22,0.7,6.4,64.30%,5.9,1,1,0,0,1,1,0.1,0.1,10,8.4,84,0,1
377,Matt Ryan,ATL,36,QB,17,17,0,0,0,,0,0,0,0,0,0.00%,,40,82,1,9,17,2.1,4.8,2.4,40,2.1,82,1,11
378,Tom Brady*,TAM,44,QB,17,17,0,0,0,,0,0,0,0,0,0.00%,,28,81,2,14,13,2.9,4.8,1.6,28,2.9,81,2,4
379,Scott Miller,TAM,24,,9,0,9,5,38,7.6,0,2,13,0.6,4.2,55.60%,4.2,2,43,1,2,33,21.5,4.8,0.2,7,11.6,81,1,0
380,Drew Sample,CIN,25,te,17,8,15,11,81,7.4,0,3,19,0.6,4.8,73.30%,5.4,,,,0,,,,,11,7.4,81,0,0
381,Preston Williams,MIA,24,wr,8,3,16,6,71,11.8,0,3,34,0.8,8.9,37.50%,4.4,1,7,0,0,7,7,0.9,0.1,7,11.1,78,0,0
382,Andy Dalton,CHI,34,qb,8,6,0,0,0,,0,0,0,0,0,0.00%,,16,76,0,2,14,4.8,9.5,2,16,4.8,76,0,1
383,KJ Hamler,DEN,22,wr,3,2,10,5,74,14.8,0,4,28,1.7,24.7,50.00%,7.4,,,,0,,,,,5,14.8,74,0,0
384,Chris Manhertz,JAX,29,te,17,10,9,6,71,11.8,1,4,22,0.4,4.2,66.70%,7.9,,,,0,,,,,6,11.8,71,1,0
385,Jacoby Brissett,MIA,29,qb,11,5,0,0,0,,0,0,0,0,0,0.00%,,19,70,1,9,19,3.7,6.4,1.7,19,3.7,70,1,6
386,Kene Nwangwu,MIN,23,,11,0,5,4,9,2.3,0,0,6,0.4,0.8,80.00%,1.8,13,61,0,3,19,4.7,5.5,1.2,17,4.1,70,0,0
387,Kenny Stills,NOR,29,wr,13,4,23,6,68,11.3,1,4,22,0.5,5.2,26.10%,3,1,1,0,0,1,1,0.1,0.1,7,9.9,69,1,0
388,Dede Westbrook,MIN,28,,15,0,15,10,68,6.8,0,3,17,0.7,4.5,66.70%,4.5,,,,0,,,,,10,6.8,68,0,2
389,Patrick Ricard*,BAL,27,FB,13,11,13,8,63,7.9,1,3,22,0.6,4.8,61.50%,4.8,2,4,0,2,2,2,0.3,0.2,10,6.7,67,1,0
390,Jonathan Ward,ARI,24,,13,0,4,3,34,11.3,0,1,23,0.2,2.6,75.00%,8.5,9,33,0,3,7,3.7,2.5,0.7,12,5.6,67,0,0
391,Josh Oliver,BAL,24,te,14,1,15,9,66,7.3,0,4,19,0.6,4.7,60.00%,4.4,,,,0,,,,,9,7.3,66,0,1
392,Jake Fromm,NYG,23,qb,3,2,0,0,0,,0,0,0,0,0,0.00%,,8,65,0,4,27,8.1,21.7,2.7,8,8.1,65,0,2
393,Lee Smith,ATL,34,,16,6,11,9,65,7.2,1,3,22,0.6,4.1,81.80%,5.9,,,,0,,,,,9,7.2,65,1,0
394,Ja'Marcus Bradley,CLE,25,,5,0,4,4,64,16,0,2,37,0.8,12.8,100.00%,16,,,,0,,,,,4,16,64,0,0
395,Jesse James,CHI,27,te,14,9,8,7,62,8.9,1,3,19,0.5,4.4,87.50%,7.8,,,,0,,,,,7,8.9,62,1,0
396,Penny Hart,SEA,25,,17,0,12,7,59,8.4,0,3,16,0.4,3.5,58.30%,4.9,,,,0,,,,,7,8.4,59,0,0
397,Juwann Winfree,GNB,25,,7,0,13,8,58,7.3,0,5,12,1.1,8.3,61.50%,4.5,,,,0,,,,,8,7.3,58,0,2
398,C.J. Board,NYG,28,wr,6,1,6,4,51,12.8,0,3,38,0.7,8.5,66.70%,8.5,1,6,0,0,6,6,1,0.2,5,11.4,57,0,0
399,Mike Boone,DEN,26,,8,0,2,2,22,11,0,1,19,0.3,2.8,100.00%,11,4,35,0,2,16,8.8,4.4,0.5,6,9.5,57,0,0
400,Michael Burton,KAN,29,,16,0,3,3,31,10.3,0,2,20,0.2,1.9,100.00%,10.3,8,26,1,8,7,3.3,1.6,0.5,11,5.2,57,1,0
401,Luke Farrell,JAX,24,te,15,4,11,7,56,8,0,3,21,0.5,3.7,63.60%,5.1,,,,0,,,,,7,8,56,0,1
402,Jason Moore,LAC,26,wr,2,1,4,3,56,18.7,0,3,24,1.5,28,75.00%,14,,,,0,,,,,3,18.7,56,0,0
403,Amari Rodgers,GNB,22,wr,16,1,8,4,45,11.3,0,2,19,0.3,2.8,50.00%,5.6,1,11,0,1,11,11,0.7,0.1,5,11.2,56,0,2
404,Alex Erickson,CAR,29,,17,0,4,3,55,18.3,0,2,25,0.2,3.2,75.00%,13.8,,,,0,,,,,3,18.3,55,0,0
405,Jacob Hollister,JAX,28,te,7,2,14,9,55,6.1,1,2,11,1.3,7.9,64.30%,3.9,,,,0,,,,,9,6.1,55,1,0
406,Trayveon Williams,CIN,24,,5,0,2,1,4,4,0,0,4,0.2,0.8,50.00%,2,15,51,0,4,10,3.4,10.2,3,16,3.4,55,0,0
407,Jaelon Darden,TAM,22,,9,0,12,6,43,7.2,0,1,29,0.7,4.8,50.00%,3.6,1,11,0,1,11,11,1.2,0.1,7,7.7,54,0,0
408,Tom Kennedy,DET,25,,12,0,10,6,54,9,0,2,15,0.5,4.5,60.00%,5.4,,,,0,,,,,6,9,54,0,0
409,Drew Lock,DEN,25,qb,6,3,1,1,1,1,0,0,1,0.2,0.2,100.00%,1,10,53,2,5,23,5.3,8.8,1.7,11,4.9,54,2,2
410,Andre Roberts,2TM,33,,16,0,2,1,35,35,0,1,35,0.1,2.2,50.00%,17.5,3,19,0,0,9,6.3,1.2,0.2,4,13.5,54,0,3
411,Mason Rudolph,PIT,26,qb,2,1,0,0,0,,0,0,0,0,0,0.00%,,5,53,0,3,26,10.6,26.5,2.5,5,10.6,53,0,1
412,Mike Thomas,CIN,27,wr,12,1,11,5,52,10.4,0,3,19,0.4,4.3,45.50%,4.7,,,,0,,,,,5,10.4,52,0,0
413,Charlie Woerner,SFO,24,te,17,3,6,5,52,10.4,0,3,27,0.3,3.1,83.30%,8.7,,,,0,,,,,5,10.4,52,0,0
414,Ross Dwelley,SFO,26,te,17,2,5,4,51,12.8,1,2,21,0.2,3,80.00%,10.2,,,,0,,,,,4,12.8,51,1,0
415,Jimmy Garoppolo,SFO,30,QB,15,15,0,0,0,,0,0,0,0,0,0.00%,,38,51,3,15,7,1.3,3.4,2.5,38,1.3,51,3,8
416,Jason Huntley,PHI,23,,1,0,1,0,0,,0,0,0,0,0,0.00%,0,13,51,0,2,18,3.9,51,13,13,3.9,51,0,0
417,Dez Fitzpatrick,TEN,24,,4,0,8,5,49,9.8,1,4,18,1.3,12.3,62.50%,6.1,,,,0,,,,,5,9.8,49,1,0
418,Rodney Smith,CAR,25,,2,0,5,5,48,9.6,0,2,17,2.5,24,100.00%,9.6,,,,0,,,,,5,9.6,48,0,0
419,Antony Auclair,HOU,28,TE,16,13,5,5,47,9.4,1,2,15,0.3,2.9,100.00%,9.4,,,,0,,,,,5,9.4,47,1,0
420,Joe Fortson,KAN,26,,6,0,5,5,47,9.4,2,3,27,0.8,7.8,100.00%,9.4,,,,0,,,,,5,9.4,47,2,0
421,Eric Saubert,DEN,27,te,17,4,12,8,47,5.9,1,2,11,0.5,2.8,66.70%,3.9,,,,0,,,,,8,5.9,47,1,0
422,Wendell Smallwood,WAS,27,,3,0,5,4,22,5.5,0,0,7,1.3,7.3,80.00%,4.4,5,25,0,2,13,5,8.3,1.7,9,5.2,47,0,0
423,Tre' McKitty,LAC,22,te,11,4,8,6,45,7.5,0,3,12,0.5,4.1,75.00%,5.6,,,,0,,,,,6,7.5,45,0,0
424,J.J. Taylor,NWE,23,,5,0,4,4,8,2,0,0,5,0.8,1.6,100.00%,2,19,37,2,3,15,1.9,7.4,3.8,23,2,45,2,1
425,Kalen Ballage,PIT,26,,17,0,7,2,8,4,0,0,6,0.1,0.5,28.60%,1.1,12,36,0,2,13,3,2.1,0.7,14,3.1,44,0,0
426,Davis Mills,HOU,23,QB,13,11,0,0,0,,0,0,0,0,0,0.00%,,18,44,0,5,11,2.4,3.4,1.4,18,2.4,44,0,5
427,Tommy Sweeney,BUF,26,te,13,3,12,9,44,4.9,1,3,13,0.7,3.4,75.00%,3.7,,,,0,,,,,9,4.9,44,1,1
428,Darren Fells,2TM,35,,9,5,5,4,43,10.8,0,2,24,0.4,4.8,80.00%,8.6,,,,0,,,,,4,10.8,43,0,0
429,Parker Hesse,ATL,26,te,8,1,6,5,43,8.6,0,3,17,0.6,5.4,83.30%,7.2,,,,0,,,,,5,8.6,43,0,0
430,Jakob Johnson,NWE,27,fb,17,6,5,4,43,10.8,0,2,29,0.2,2.5,80.00%,8.6,,,,0,,,,,4,10.8,43,0,0
431,Matthew Stafford,LAR,33,QB,17,17,0,0,0,,0,0,0,0,0,0.00%,,32,43,0,8,12,1.3,2.5,1.9,32,1.3,43,0,5
432,Geno Smith,SEA,31,qb,4,3,0,0,0,,0,0,0,0,0,0.00%,,9,42,1,3,12,4.7,10.5,2.3,9,4.7,42,1,1
433,Kristian Wilkerson,NWE,24,wr,3,1,8,4,42,10.5,2,2,20,1.3,14,50.00%,5.3,,,,0,,,,,4,10.5,42,2,0
434,Chris Hogan,NOR,34,,5,1,8,4,41,10.3,1,2,16,0.8,8.2,50.00%,5.1,,,,0,,,,,4,10.3,41,1,0
435,Trent Taylor,CIN,27,,4,0,3,2,41,20.5,0,2,26,0.5,10.3,66.70%,13.7,,,,0,,,,,2,20.5,41,0,0
436,Chris Herndon,MIN,25,te,16,5,7,4,40,10,1,4,17,0.3,2.5,57.10%,5.7,,,,0,,,,,4,10,40,1,0
437,Gunner Olszewski,NWE,25,,16,0,3,2,31,15.5,0,2,22,0.1,1.9,66.70%,10.3,1,9,0,0,9,9,0.6,0.1,3,13.3,40,0,3
438,Jason Cabinda,DET,25,fb,14,4,7,4,16,4,1,2,6,0.3,1.1,57.10%,2.3,3,23,0,2,21,7.7,1.6,0.2,7,5.6,39,1,0
439,Greg Dortch,ARI,23,wr,5,2,3,3,15,5,0,0,10,0.6,3,100.00%,5,1,24,0,1,24,24,4.8,0.2,4,9.8,39,0,0
440,Garrett Griffin,NOR,27,te,13,6,4,4,39,9.8,0,2,14,0.3,3,100.00%,9.8,,,,0,,,,,4,9.8,39,0,1
441,Auden Tate,CIN,24,,7,0,4,3,39,13,1,3,18,0.4,5.6,75.00%,9.8,,,,0,,,,,3,13,39,1,0
442,Curtis Samuel,WAS,25,wr,5,1,9,6,27,4.5,0,4,10,1.2,5.4,66.70%,3,4,11,0,0,8,2.8,2.2,0.8,10,3.8,38,0,0
443,Willie Snead,2TM,29,,9,0,8,4,38,9.5,0,3,15,0.4,4.2,50.00%,4.8,,,,0,,,,,4,9.5,38,0,0
444,Kevin White,NOR,29,wr,6,1,5,1,38,38,0,1,38,0.2,6.3,20.00%,7.6,,,,0,,,,,1,38,38,0,0
445,Kendall Blanton,LAR,26,te,11,2,7,4,37,9.3,0,2,23,0.4,3.4,57.10%,5.3,,,,0,,,,,4,9.3,37,0,1
446,Colt McCoy,ARI,35,qb,8,3,0,0,0,,0,0,0,0,0,0.00%,,22,37,0,6,11,1.7,4.6,2.8,22,1.7,37,0,4
447,JJ Arcega-Whiteside,PHI,25,wr,16,2,5,2,36,18,0,2,23,0.1,2.3,40.00%,7.2,,,,0,,,,,2,18,36,0,0
448,Pharoh Cooper,NYG,26,,8,0,11,4,33,8.3,0,1,15,0.5,4.1,36.40%,3,1,3,0,0,3,3,0.4,0.1,5,7.2,36,0,0
449,Noah Gray,KAN,22,te,16,1,10,7,36,5.1,1,2,8,0.4,2.3,70.00%,3.6,,,,0,,,,,7,5.1,36,1,0
450,D.J. Montgomery,NYJ,25,,3,0,6,3,36,12,0,2,14,1,12,50.00%,6,,,,0,,,,,3,12,36,0,0
451,Kenny Yeboah,NYJ,23,,9,0,3,2,36,18,0,2,24,0.2,4,66.70%,12,,,,0,,,,,2,18,36,0,0
452,Tyler Davis,GNB,24,,14,0,5,4,35,8.8,0,1,22,0.3,2.5,80.00%,7,,,,0,,,,,4,8.8,35,0,0
453,Trevon Wesco,NYJ,26,te,12,7,5,3,35,11.7,0,2,19,0.3,2.9,60.00%,7,,,,0,,,,,3,11.7,35,0,0
454,Dominique Dafney,GNB,24,te,10,2,4,2,34,17,0,2,26,0.2,3.4,50.00%,8.5,,,,0,,,,,2,17,34,0,0
455,Trenton Irwin,CIN,26,,7,0,5,2,34,17,0,1,25,0.3,4.9,40.00%,6.8,,,,0,,,,,2,17,34,0,0
456,Seth Williams,DEN,21,wr,2,1,1,1,34,34,0,1,34,0.5,17,100.00%,34,,,,0,,,,,1,34,34,0,0
457,Shane Zylstra,DET,25,,4,0,7,3,34,11.3,0,2,16,0.8,8.5,42.90%,4.9,,,,0,,,,,3,11.3,34,0,0
458,Mike Glennon,NYG,32,qb,6,4,0,0,0,,0,0,0,0,0,0.00%,,7,33,1,2,13,4.7,5.5,1.2,7,4.7,33,1,6
459,Cody Hollister,TEN,28,wr,3,1,7,4,33,8.3,0,4,14,1.3,11,57.10%,4.7,,,,0,,,,,4,8.3,33,0,0
460,Colby Parkinson,SEA,22,te,14,1,8,5,33,6.6,0,2,12,0.4,2.4,62.50%,4.1,,,,0,,,,,5,6.6,33,0,0
461,Kaden Smith,NYG,24,,9,4,3,3,33,11,0,1,21,0.3,3.7,100.00%,11,,,,0,,,,,3,11,33,0,0
462,Cody White,PIT,23,,15,0,6,5,33,6.6,0,3,11,0.3,2.2,83.30%,5.5,,,,0,,,,,5,6.6,33,0,0
463,Josh Gordon,KAN,30,wr,12,7,14,5,32,6.4,1,3,11,0.4,2.7,35.70%,2.3,,,,0,,,,,5,6.4,32,1,0
464,Tommy Hudson,TEN,24,,5,0,6,3,31,10.3,0,2,14,0.6,6.2,50.00%,5.2,,,,0,,,,,3,10.3,31,0,0
465,Deon Jackson,IND,22,,9,0,0,0,0,,0,0,0,0,0,0.00%,,13,31,1,2,10,2.4,3.4,1.4,13,2.4,31,1,0
466,La'Mical Perine,NYJ,23,,4,0,0,0,0,,0,0,0,0,0,0.00%,,8,31,0,1,14,3.9,7.8,2,8,3.9,31,0,0
467,Jeremy Sprinkle,DAL,27,te,17,4,3,3,31,10.3,0,2,11,0.2,1.8,100.00%,10.3,,,,0,,,,,3,10.3,31,0,0
468,Cameron Batson,TEN,26,,4,0,5,2,15,7.5,1,2,13,0.5,3.8,40.00%,3,2,15,0,1,11,7.5,3.8,0.5,4,7.5,30,1,0
469,K.J. Hill,LAC,24,,6,0,3,3,30,10,0,1,19,0.5,5,100.00%,10,,,,0,,,,,3,10,30,0,0
470,Daniel Brown,NYJ,29,,12,0,2,2,29,14.5,0,1,24,0.2,2.4,100.00%,14.5,,,,0,,,,,2,14.5,29,0,0
471,JaQuan Hardy,DAL,24,,3,0,0,0,0,,0,0,0,0,0,0.00%,,4,29,1,1,22,7.3,9.7,1.3,4,7.3,29,1,0
472,Kylin Hill,GNB,23,,8,0,2,1,5,5,0,0,5,0.1,0.6,50.00%,2.5,10,24,0,1,8,2.4,3,1.3,11,2.6,29,0,0
473,Josh Johnson,2TM,35,,4,1,0,0,0,,0,0,0,0,0,0.00%,,9,28,0,1,11,3.1,7,2.3,9,3.1,28,0,2
474,Jake Kumerow,BUF,29,wr,15,2,6,2,28,14,0,2,15,0.1,1.9,33.30%,4.7,,,,0,,,,,2,14,28,0,0
475,C.J. Moore,DET,26,s,17,1,0,0,0,,0,0,0,0,0,0.00%,,1,28,0,1,28,28,1.6,0.1,1,28,28,0,0
476,Dwayne Washington,NOR,27,,14,0,2,2,12,6,0,0,6,0.1,0.9,100.00%,6,4,16,0,0,5,4,1.1,0.3,6,4.7,28,0,0
477,Jordan Love,GNB,23,qb,6,1,0,0,0,,0,0,0,0,0,0.00%,,12,27,0,1,10,2.3,4.5,2,12,2.3,27,0,3
478,Sean McKeon,DAL,24,te,9,2,6,4,27,6.8,1,2,12,0.4,3,66.70%,4.5,,,,0,,,,,4,6.8,27,1,0
479,Will Fuller,MIA,27,,2,0,8,4,26,6.5,0,3,10,2,13,50.00%,3.3,,,,0,,,,,4,6.5,26,0,0
480,Reggie Gilliam,BUF,24,fb,16,5,5,3,23,7.7,0,0,8,0.2,1.4,60.00%,4.6,3,3,0,0,2,1,0.2,0.2,6,4.3,26,0,0
481,Mike Strachan,IND,24,,6,0,3,2,26,13,0,2,16,0.3,4.3,66.70%,8.7,,,,0,,,,,2,13,26,0,0
482,Christian Blake,ATL,25,,16,0,9,4,25,6.3,0,2,8,0.3,1.6,44.40%,2.8,,,,0,,,,,4,6.3,25,0,0
483,Anthony Miller,2TM,27,,3,1,12,6,25,4.2,1,3,10,2,8.3,50.00%,2.1,,,,0,,,,,6,4.2,25,1,0
484,Gabe Nabers,LAC,24,fb,10,1,3,3,17,5.7,0,0,8,0.3,1.7,100.00%,5.7,3,8,0,1,4,2.7,0.8,0.3,6,4.2,25,0,0
485,Marcus Kemp,KAN,26,,16,0,5,2,24,12,0,1,16,0.1,1.5,40.00%,4.8,,,,0,,,,,2,12,24,0,0
486,Mitchell Trubisky,BUF,27,,6,0,0,0,0,,0,0,0,0,0,0.00%,,13,24,1,3,22,1.8,4,2.2,13,1.8,24,1,0
487,Dazz Newsome,CHI,22,wr,3,1,5,2,23,11.5,0,1,13,0.7,7.7,40.00%,4.6,,,,0,,,,,2,11.5,23,0,0
488,Jaylen Samuels,HOU,25,,3,0,4,3,14,4.7,0,1,6,1,4.7,75.00%,3.5,5,9,0,0,3,1.8,3,1.7,8,2.9,23,0,0
489,Tylan Wallace,BAL,22,wr,17,1,6,2,23,11.5,0,1,18,0.1,1.4,33.30%,3.8,,,,0,,,,,2,11.5,23,0,0
490,Alex Armah,2TM,27,,11,2,1,1,1,1,1,1,1,0.1,0.1,100.00%,1,5,21,0,4,9,4.2,1.9,0.5,6,3.7,22,1,0
491,Tyree Jackson,PHI,24,te,9,3,7,3,22,7.3,1,2,13,0.3,2.4,42.90%,3.1,,,,0,,,,,3,7.3,22,1,0
492,Case Keenum,CLE,33,qb,7,2,0,0,0,,0,0,0,0,0,0.00%,,12,22,0,6,10,1.8,3.1,1.7,12,1.8,22,0,1
493,Scottie Phillips,HOU,24,,3,0,3,2,9,4.5,0,0,8,0.7,3,66.70%,3,6,13,0,1,4,2.2,4.3,2,8,2.8,22,0,0
494,Jack Stoll,PHI,23,te,16,5,5,4,22,5.5,0,0,9,0.3,1.4,80.00%,4.4,,,,0,,,,,4,5.5,22,0,0
495,Garrett Bradbury,MIN,26,C,13,13,1,1,21,21,0,1,21,0.1,1.6,100.00%,21,,,,0,,,,,1,21,21,0,0
496,Jesper Horsted,CHI,24,,7,0,3,2,21,10.5,2,2,19,0.3,3,66.70%,7,,,,0,,,,,2,10.5,21,2,0
497,Patrick Laird,MIA,26,,6,0,3,3,17,5.7,0,2,10,0.5,2.8,100.00%,5.7,1,4,0,0,4,4,0.7,0.2,4,5.3,21,0,0
498,Gardner Minshew II,PHI,25,qb,4,2,0,0,0,,0,0,0,0,0,0.00%,,9,21,0,2,9,2.3,5.3,2.3,9,2.3,21,0,1
499,Dezmon Patmon,IND,23,,8,0,4,2,21,10.5,1,1,14,0.3,2.6,50.00%,5.3,,,,0,,,,,2,10.5,21,1,0
500,Adam Prentice,NOR,24,fb,7,3,3,3,16,5.3,0,1,10,0.4,2.3,100.00%,5.3,3,5,0,2,2,1.7,0.7,0.4,6,3.5,21,0,0
501,Nick Bawden,NYJ,25,fb,9,1,1,1,20,20,0,1,20,0.1,2.2,100.00%,20,,,,0,,,,,1,20,20,0,0
502,Raheem Mostert,SFO,29,rb,1,1,0,0,0,,0,0,0,0,0,0.00%,,2,20,0,1,11,10,20,2,2,10,20,0,0
503,Trevor Siemian,NOR,30,qb,6,4,0,0,0,,0,0,0,0,0,0.00%,,9,20,1,2,17,2.2,3.3,1.5,9,2.2,20,1,3
504,Darrynton Evans,TEN,23,,1,0,2,2,11,5.5,0,1,6,2,11,100.00%,5.5,2,7,0,0,5,3.5,7,2,4,4.5,18,0,0
505,Davion Davis,HOU,25,wr,2,1,3,1,17,17,0,1,17,0.5,8.5,33.30%,5.7,,,,0,,,,,1,17,17,0,0
506,Keith Kirkwood,CAR,27,,3,0,7,3,17,5.7,0,1,7,1,5.7,42.90%,2.4,,,,0,,,,,3,5.7,17,0,0
507,Chris Myarick,NYG,26,te,8,3,6,3,17,5.7,1,2,10,0.4,2.1,50.00%,2.8,,,,0,,,,,3,5.7,17,1,0
508,Bobby Price,DET,23,s,15,2,1,1,17,17,0,1,17,0.1,1.1,100.00%,17,,,,0,,,,,1,17,17,0,0
509,David Sills,NYG,25,wr,4,1,6,2,17,8.5,0,1,12,0.5,4.3,33.30%,2.8,,,,0,,,,,2,8.5,17,0,0
510,Reggie Bonnafon,CAR,25,,4,0,2,2,12,6,0,1,6,0.5,3,100.00%,6,1,4,0,0,4,4,1,0.3,3,5.3,16,0,0
511,Cethan Carter,MIA,26,te,16,1,2,2,16,8,0,0,8,0.1,1,100.00%,8,,,,0,,,,,2,8,16,0,0
512,Tyron Johnson,2TM,25,,10,0,5,2,16,8,0,1,10,0.2,1.6,40.00%,3.2,,,,0,,,,,2,8,16,0,0
513,Derek Watt,PIT,29,fb,17,4,3,3,15,5,0,0,9,0.2,0.9,100.00%,5,1,1,0,1,1,1,0.1,0.1,4,4,16,0,0
514,Mitchell Wilcox,CIN,25,te,15,1,5,3,16,5.3,0,0,8,0.2,1.1,60.00%,3.2,,,,0,,,,,3,5.3,16,0,0
515,Trey Ragas,LVR,25,,1,0,2,2,6,3,0,0,4,2,6,100.00%,3,1,9,0,1,9,9,9,1,3,5,15,0,0
516,Sean Chandler,CAR,25,s,15,7,0,0,0,,0,0,0,0,0,0.00%,,1,14,0,1,14,14,0.9,0.1,1,14,14,0,0
517,Frank Darby,ATL,24,,10,0,4,1,14,14,0,1,14,0.1,1.4,25.00%,3.5,,,,0,,,,,1,14,14,0,0
518,Sean Mannion,MIN,29,qb,1,1,0,0,0,,0,0,0,0,0,0.00%,,2,14,0,2,11,7,14,2,2,7,14,0,0
519,Anthony McFarland Jr.,PIT,22,,2,0,1,1,11,11,0,1,11,0.5,5.5,100.00%,11,3,3,0,0,3,1,1.5,1.5,4,3.5,14,0,0
520,Stanley Morgan Jr.,CIN,25,wr,17,1,4,2,11,5.5,0,0,8,0.1,0.6,50.00%,2.8,1,3,0,0,3,3,0.2,0.1,3,4.7,14,0,0
521,Malik Taylor,GNB,26,,10,0,3,2,14,7,0,1,7,0.2,1.4,66.70%,4.7,,,,0,,,,,2,7,14,0,1
522,Tyrell Williams,DET,29,,1,1,3,2,14,7,0,1,7,2,14,66.70%,4.7,,,,0,,,,,2,7,14,0,0
523,Cam Akers,LAR,22,,1,0,3,3,10,3.3,0,0,6,3,10,100.00%,3.3,5,3,0,0,2,0.6,3,5,8,1.6,13,0,0
524,Tim Boyle,DET,27,qb,5,3,0,0,0,,0,0,0,0,0,0.00%,,2,13,0,1,14,6.5,2.6,0.4,2,6.5,13,0,1
525,Derek Carrier,LVR,31,te,5,1,2,2,13,6.5,0,0,9,0.4,2.6,100.00%,6.5,,,,0,,,,,2,6.5,13,0,0
526,Andy Isabella,ARI,25,,8,0,1,1,13,13,0,1,13,0.1,1.6,100.00%,13,,,,0,,,,,1,13,13,0,0
527,John Kelly,CLE,25,,4,0,0,0,0,,0,0,0,0,0,0.00%,,2,13,0,1,11,6.5,3.3,0.5,2,6.5,13,0,0
528,Kirk Merritt,MIA,24,,2,0,3,1,13,13,0,1,13,0.5,6.5,33.30%,4.3,,,,0,,,,,1,13,13,0,0
529,P.J. Walker,CAR,26,qb,5,1,0,0,0,,0,0,0,0,0,0.00%,,7,13,0,2,13,1.9,2.6,1.4,7,1.9,13,0,3
530,Jacques Patrick,SFO,24,,2,0,0,0,0,,0,0,0,0,0,0.00%,,2,12,0,1,8,6,6,1,2,6,12,0,0
531,Johnny Stanton,CLE,27,,4,0,2,2,7,3.5,1,1,6,0.5,1.8,100.00%,3.5,3,5,0,2,3,1.7,1.3,0.8,5,2.4,12,1,0
532,Luke Stocker,MIN,33,,12,0,2,2,12,6,0,0,7,0.2,1,100.00%,6,,,,0,,,,,2,6,12,0,0
533,Kyle Allen,WAS,25,,2,0,0,0,0,,0,0,0,0,0,0.00%,,2,11,0,1,11,5.5,5.5,1,2,5.5,11,0,1
534,Buddy Howell,LAR,25,,10,0,0,0,0,,0,0,0,0,0,0.00%,,5,11,0,0,4,2.2,1.1,0.5,5,2.2,11,0,0
535,Richard Rodgers,PHI,29,,3,0,2,2,11,5.5,0,0,9,0.7,3.7,100.00%,5.5,,,,0,,,,,2,5.5,11,0,0
536,Mekhi Sargent,3TM,24,,7,0,1,0,0,,0,0,0,0,0,0.00%,0,5,11,0,1,3,2.2,1.6,0.7,5,2.2,11,0,0
537,C.J. Saunders,CAR,25,,2,0,2,2,11,5.5,0,1,8,1,5.5,100.00%,5.5,,,,0,,,,,2,5.5,11,0,0
538,Tarik Black,NYJ,23,,1,0,2,1,10,10,0,1,10,1,10,50.00%,5,,,,0,,,,,1,10,10,0,0
539,Khari Blasingame,TEN,25,fb,11,3,2,2,4,2,0,0,5,0.2,0.4,100.00%,2,3,6,0,1,3,2,0.5,0.3,5,2,10,0,1
540,Gary Brightwell,NYG,22,,13,0,1,1,6,6,0,0,6,0.1,0.5,100.00%,6,1,4,0,0,4,4,0.3,0.1,2,5,10,0,0
541,Marvin Hall,ATL,28,,2,0,1,1,10,10,0,1,10,0.5,5,100.00%,10,,,,0,,,,,1,10,10,0,0
542,Demetrius Harris,ARI,30,te,14,4,6,3,10,3.3,0,0,7,0.2,0.7,50.00%,1.7,,,,0,,,,,3,3.3,10,0,0
543,Jaydon Mickens,2TM,27,,11,0,3,2,10,5,0,1,12,0.2,0.9,66.70%,3.3,,,,0,,,,,2,5,10,0,1
544,Sam Ehlinger,IND,23,,3,0,0,0,0,,0,0,0,0,0,0.00%,,3,9,0,1,9,3,3,1,3,3,9,0,0
545,Brycen Hopkins,LAR,24,,5,0,1,1,9,9,0,1,9,0.2,1.8,100.00%,9,,,,0,,,,,1,9,9,0,0
546,Andy Janovich,CLE,28,fb,13,3,4,3,9,3,0,1,3,0.2,0.7,75.00%,2.3,2,0,1,1,1,0,0,0.2,5,1.8,9,1,0
547,Johnny Mundt,LAR,27,,6,0,1,1,9,9,0,1,9,0.2,1.5,100.00%,9,,,,0,,,,,1,9,9,0,0
548,Nick Foles,CHI,32,qb,1,1,0,0,0,,0,0,0,0,0,0.00%,,4,8,0,1,8,2,8,4,4,2,8,0,1
549,Hunter Long,MIA,23,te,7,2,3,1,8,8,0,0,8,0.1,1.1,33.30%,2.7,,,,0,,,,,1,8,8,0,0
550,Racey McMath,TEN,22,,9,0,6,2,8,4,0,0,9,0.2,0.9,33.30%,1.3,,,,0,,,,,2,4,8,0,1
551,Ryan Nall,CHI,26,,9,0,1,1,4,4,0,0,4,0.1,0.4,100.00%,4,1,4,0,0,4,4,0.4,0.1,2,4,8,0,0
552,Kevin Rader,PIT,26,te,6,1,3,2,8,4,0,0,7,0.3,1.3,66.70%,2.7,,,,0,,,,,2,4,8,0,0
553,Ethan Wolf,NOR,26,te,2,1,2,2,8,4,0,0,4,1,4,100.00%,4,,,,0,,,,,2,4,8,0,0
554,Damarea Crockett,DEN,24,,12,0,0,0,0,,0,0,0,0,0,0.00%,,3,7,0,0,6,2.3,0.6,0.3,3,2.3,7,0,0
555,Tommylee Lewis,MIA,29,,2,0,2,1,7,7,0,1,7,0.5,3.5,50.00%,3.5,,,,0,,,,,1,7,7,0,0
556,Tremon Smith,HOU,25,db,17,2,0,0,0,,0,0,0,0,0,0.00%,,1,7,0,0,7,7,0.4,0.1,1,7,7,0,0
557,Eric Tomlinson,BAL,29,te,17,7,1,1,7,7,0,0,7,0.1,0.4,100.00%,7,,,,0,,,,,1,7,7,0,0
558,David Blough,DET,26,,1,0,0,0,0,,0,0,0,0,0,0.00%,,1,6,0,0,6,6,6,1,1,6,6,0,1
559,Ian Book,NOR,23,qb,1,1,0,0,0,,0,0,0,0,0,0.00%,,3,6,0,1,3,2,6,3,3,2,6,0,0
560,Miles Boykin,BAL,25,,8,0,1,1,6,6,0,0,6,0.1,0.8,100.00%,6,,,,0,,,,,1,6,6,0,0
561,Feleipe Franks,ATL,24,,9,0,0,0,0,,0,0,0,0,0,0.00%,,3,6,0,0,4,2,0.7,0.3,3,2,6,0,0
562,Amani Hooker,TEN,23,DB,12,12,1,1,6,6,0,1,6,0.1,0.5,100.00%,6,,,,0,,,,,1,6,6,0,0
563,Dallin Leavitt,LVR,27,s,16,1,0,0,0,,0,0,0,0,0,0.00%,,2,6,0,2,4,3,0.4,0.1,2,3,6,0,0
564,Chris Streveler,ARI,26,,2,0,0,0,0,,0,0,0,0,0,0.00%,,3,6,0,0,4,2,3,1.5,3,2,6,0,1
565,Keke Coutee,IND,24,,2,0,1,1,5,5,0,0,5,0.5,2.5,100.00%,5,,,,0,,,,,1,5,5,0,0
566,Jake Funk,LAR,23,,10,0,0,0,0,,0,0,0,0,0,0.00%,,2,5,0,0,6,2.5,0.5,0.2,2,2.5,5,0,0
567,Lane Johnson,PHI,31,T,13,13,1,1,5,5,1,1,5,0.1,0.4,100.00%,5,,,,0,,,,,1,5,5,1,0
568,Ben Roethlisberger,PIT,39,,16,16,0,0,0,,0,0,0,0,0,0.00%,,20,5,1,3,8,0.3,0.3,1.3,20,0.3,5,1,11
569,Easop Winston,NOR,25,,3,1,1,1,5,5,0,0,5,0.3,1.7,100.00%,5,,,,0,,,,,1,5,5,0,0
570,Nick Bellore,SEA,32,,17,0,1,1,4,4,0,0,4,0.1,0.2,100.00%,4,,,,0,,,,,1,4,4,0,0
571,Trenton Cannon,2TM,27,,12,0,0,0,0,,0,0,0,0,0,0.00%,,3,4,0,0,3,1.3,0.3,0.3,3,1.3,4,0,1
572,Taylor Decker,DET,28,t,9,9,2,2,4,2,1,1,6,0.2,0.4,100.00%,2,,,,0,,,,,2,2,4,1,0
573,Braden Mann,NYJ,24,p,10,0,0,0,0,,0,0,0,0,0,0.00%,,1,4,0,0,4,4,0.4,0.1,1,4,4,0,0
574,Devine Ozigbo,2TM,25,,3,0,1,1,7,7,0,1,7,0.3,2.3,100.00%,7,1,-3,0,0,0,-3,-1,0.3,2,2,4,0,0
575,Ito Smith,DAL,26,,1,0,0,0,0,,0,0,0,0,0,0.00%,,1,4,1,1,4,4,4,1,1,4,4,1,0
576,Andrew Wingard,JAX,25,S,15,15,0,0,0,,0,0,0,0,0,0.00%,,1,4,0,1,4,4,0.3,0.1,1,4,4,0,0
577,Nathan Cottrell,JAX,25,,4,0,0,0,0,,0,0,0,0,0,0.00%,,1,3,0,0,3,3,0.8,0.3,1,3,3,0,0
578,Maurice Ffrench,LAC,23,,3,0,0,0,0,,0,0,0,0,0,0.00%,,1,3,0,0,3,3,1,0.3,1,3,3,0,0
579,Joe Flacco,NYJ,36,qb,2,1,0,0,0,,0,0,0,0,0,0.00%,,2,3,0,1,2,1.5,1.5,1,2,1.5,3,0,1
580,C.J. Beathard,JAX,28,,2,0,0,0,0,,0,0,0,0,0,0.00%,,1,2,0,0,2,2,1,0.5,1,2,2,0,0
581,Nick Boyle,BAL,28,te,5,3,2,1,2,2,0,0,2,0.2,0.4,50.00%,1,,,,0,,,,,1,2,2,0,0
582,Ryan Fitzpatrick,WAS,39,qb,1,1,0,0,0,,0,0,0,0,0,0.00%,,1,2,0,0,2,2,2,1,1,2,2,0,1
583,Nathan Peterman,LVR,27,,1,0,0,0,0,,0,0,0,0,0,0.00%,,2,2,0,1,1,1,2,2,2,1,2,0,0
584,Danny Pinter,IND,25,g,16,3,1,1,2,2,1,1,2,0.1,0.1,100.00%,2,,,,0,,,,,1,2,2,1,0
585,Andrew Thomas,NYG,22,T,13,13,1,1,2,2,1,1,2,0.1,0.2,100.00%,2,,,,0,,,,,1,2,2,1,0
586,Conor McDermott,NYJ,29,ol,6,3,1,1,1,1,1,1,1,0.2,0.2,100.00%,1,,,,0,,,,,1,1,1,1,0
587,Michael Palardy,MIA,29,p,17,0,0,0,0,,0,0,0,0,0,0.00%,,1,1,0,0,1,1,0.1,0.1,1,1,1,0,0
588,Terence Steele,DAL,24,T,16,13,1,1,1,1,1,1,1,0.1,0.1,100.00%,1,,,,0,,,,,1,1,1,1,0
589,Christian Wilkins,MIA,26,DT,17,17,1,1,1,1,1,1,1,0.1,0.1,100.00%,1,,,,0,,,,,1,1,1,1,1
